# ************************************************************
# Sequel Pro SQL dump
# Version 4096
#
# http://www.sequelpro.com/
# http://code.google.com/p/sequel-pro/
#
# Host: 173.194.234.195 (MySQL 5.5.38)
# Database: tokoku
# Generation Time: 2015-03-20 15:00:16 +0000
# ************************************************************


/*!40101 SET @OLD_CHARACTER_SET_CLIENT=@@CHARACTER_SET_CLIENT */;
/*!40101 SET @OLD_CHARACTER_SET_RESULTS=@@CHARACTER_SET_RESULTS */;
/*!40101 SET @OLD_COLLATION_CONNECTION=@@COLLATION_CONNECTION */;
/*!40101 SET NAMES utf8 */;
/*!40014 SET @OLD_FOREIGN_KEY_CHECKS=@@FOREIGN_KEY_CHECKS, FOREIGN_KEY_CHECKS=0 */;
/*!40101 SET @OLD_SQL_MODE=@@SQL_MODE, SQL_MODE='NO_AUTO_VALUE_ON_ZERO' */;
/*!40111 SET @OLD_SQL_NOTES=@@SQL_NOTES, SQL_NOTES=0 */;


# Dump of table bills
# ------------------------------------------------------------

DROP TABLE IF EXISTS `bills`;

CREATE TABLE `bills` (
  `id` int(11) NOT NULL AUTO_INCREMENT,
  `merchant_id` int(11) DEFAULT NULL,
  `remote_id` int(11) DEFAULT NULL,
  `bill_reference_no` varchar(50) DEFAULT NULL,
  `bill_type` varchar(50) DEFAULT NULL,
  `bill_date` datetime DEFAULT NULL,
  `bill_due_date` datetime DEFAULT NULL,
  `bill_amount` int(11) DEFAULT NULL,
  `payment_date` datetime DEFAULT NULL,
  `payment` int(11) DEFAULT NULL,
  `supplier_id` int(11) DEFAULT NULL,
  `supplier_name` varchar(50) DEFAULT NULL,
  `delivery_date` datetime DEFAULT NULL,
  `remarks` varchar(250) DEFAULT NULL,
  `status` varchar(10) DEFAULT NULL,
  `create_by` varchar(50) DEFAULT NULL,
  `create_date` datetime DEFAULT NULL,
  `update_by` varchar(50) DEFAULT NULL,
  `update_date` datetime DEFAULT NULL,
  PRIMARY KEY (`id`)
) ENGINE=InnoDB DEFAULT CHARSET=utf8;

LOCK TABLES `bills` WRITE;
/*!40000 ALTER TABLE `bills` DISABLE KEYS */;

INSERT INTO `bills` (`id`, `merchant_id`, `remote_id`, `bill_reference_no`, `bill_type`, `bill_date`, `bill_due_date`, `bill_amount`, `payment_date`, `payment`, `supplier_id`, `supplier_name`, `delivery_date`, `remarks`, `status`, `create_by`, `create_date`, `update_by`, `update_date`)
VALUES
	(1,2,1,'JK/2015/0001',NULL,'2015-03-14 16:00:00','2015-04-14 16:00:00',1500000,NULL,0,1,'Butik Jihan Kusuma','2015-03-14 16:00:00','Pembelian Baju Batik','UNPD','kartika','2015-03-14 16:05:18','kartika','2015-03-15 19:40:35'),
	(2,2,2,'TL/2015/0001',NULL,'2015-03-16 16:00:00',NULL,256000,'2015-03-16 16:00:00',256000,NULL,'',NULL,'Tagihan listrik','PAID','kartika','2015-03-16 18:02:40','kartika','2015-03-16 18:03:48'),
	(3,2,3,'ST/2015/0001',NULL,'2015-03-15 16:00:00',NULL,2100000,'2015-03-15 16:00:00',2100000,NULL,'',NULL,'Sewa tempat bulan Maret 2015','PAID','kartika','2015-03-16 18:04:46','kartika','2015-03-16 18:04:46'),
	(4,2,5,'6937174692',NULL,'2015-03-16 17:00:00',NULL,150000,'2015-03-16 17:00:00',150000,NULL,'',NULL,'pembayaran iuran kebersihan dan keamanan','PAID','kartika','2015-03-17 12:00:28','kartika','2015-03-17 12:00:59'),
	(5,2,4,'763849384','PRCH','2015-03-16 17:00:00',NULL,15000000,'2015-03-16 17:00:00',15000000,3,'Danrilis','2015-03-16 17:00:00','restock ','PAID','kartika','2015-03-17 11:46:54','kartika','2015-03-18 02:25:06');

/*!40000 ALTER TABLE `bills` ENABLE KEYS */;
UNLOCK TABLES;


# Dump of table customer
# ------------------------------------------------------------

DROP TABLE IF EXISTS `customer`;

CREATE TABLE `customer` (
  `id` int(11) NOT NULL AUTO_INCREMENT,
  `merchant_id` int(11) DEFAULT NULL,
  `remote_id` int(11) DEFAULT NULL,
  `name` varchar(50) DEFAULT NULL,
  `telephone` varchar(50) DEFAULT NULL,
  `email` varchar(50) DEFAULT NULL,
  `email_status` varchar(1) DEFAULT NULL,
  `address` varchar(250) DEFAULT NULL,
  `status` varchar(1) DEFAULT NULL,
  `create_by` varchar(50) DEFAULT NULL,
  `create_date` datetime DEFAULT NULL,
  `update_by` varchar(50) DEFAULT NULL,
  `update_date` datetime DEFAULT NULL,
  PRIMARY KEY (`id`)
) ENGINE=InnoDB DEFAULT CHARSET=utf8;

LOCK TABLES `customer` WRITE;
/*!40000 ALTER TABLE `customer` DISABLE KEYS */;

INSERT INTO `customer` (`id`, `merchant_id`, `remote_id`, `name`, `telephone`, `email`, `email_status`, `address`, `status`, `create_by`, `create_date`, `update_by`, `update_date`)
VALUES
	(27,1,2,'Amelia Kurniawan','081215643322','','N','','A','retno','2015-02-07 11:19:55','retno','2015-02-07 11:19:55'),
	(28,1,1,'Anastasia Bello','08121222119','anastasia@yahoo. com','N','','D','retno','2015-02-07 11:37:04','retno','2015-02-07 11:43:28'),
	(29,1,3,'Jihan Mutia','081234322243','jihan.mutia@yahoo.com','N','','A','retno','2015-02-07 11:20:01','retno','2015-02-07 11:20:01'),
	(30,1,4,'Jasmine Anita','','','N','','A','retno','2015-02-07 11:20:57','retno','2015-02-07 11:20:57'),
	(31,2,3,'Ayu Andari','','','N','','A','admin','2015-03-10 11:25:38','admin','2015-03-10 11:25:48'),
	(32,2,2,'Khiela Larasati','','','N','','A','admin','2015-03-10 11:24:39','admin','2015-03-10 11:24:39'),
	(33,2,4,'Nadya Pohan','','','N','','A','admin','2015-03-10 11:29:41','admin','2015-03-10 11:29:41'),
	(34,2,1,'Nasya Mahardika','','','N','','A','admin','2015-03-10 11:23:32','admin','2015-03-10 11:24:06'),
	(35,2,5,'Casadila ','','','N','','A','kartika','2015-03-13 06:12:39','kartika','2015-03-13 06:12:39'),
	(36,2,6,'Hana kusuma','','','N','','A','kartika','2015-03-13 06:14:01','kartika','2015-03-13 06:14:49'),
	(37,2,7,'Khazanah Putri','','','N','','A','kartika','2015-03-13 06:15:28','kartika','2015-03-13 06:15:28');

/*!40000 ALTER TABLE `customer` ENABLE KEYS */;
UNLOCK TABLES;


# Dump of table device
# ------------------------------------------------------------

DROP TABLE IF EXISTS `device`;

CREATE TABLE `device` (
  `id` int(11) NOT NULL AUTO_INCREMENT,
  `merchant_id` int(11) DEFAULT NULL,
  `uuid` varchar(50) DEFAULT NULL,
  `last_sync_date` datetime DEFAULT NULL,
  PRIMARY KEY (`id`),
  UNIQUE KEY `merchant_id_uuid` (`merchant_id`,`uuid`)
) ENGINE=InnoDB DEFAULT CHARSET=utf8;

LOCK TABLES `device` WRITE;
/*!40000 ALTER TABLE `device` DISABLE KEYS */;

INSERT INTO `device` (`id`, `merchant_id`, `uuid`, `last_sync_date`)
VALUES
	(57,1,'dbdbbd17-8763-4dc5-99d7-a4d57be0a233','2015-02-23 15:35:31'),
	(58,1,'5d9bcc18-8c25-4a91-b61a-ab86655200c0','2015-02-24 03:16:09'),
	(59,1,'f0a4fc7b-8fdb-405e-abb2-73b4ce871778','2015-02-24 10:40:27'),
	(60,1,'a5cd8919-04b9-4674-a02e-0f4fbb902714','2015-02-24 10:42:39'),
	(61,1,'07f4162f-cd95-48a3-9363-3f6748301b81','2015-02-24 10:47:49'),
	(62,1,'bc57b12f-136f-4475-881b-fb96ad8f9906','2015-02-24 10:52:37'),
	(63,1,'f37cac70-090d-4f8c-8ca8-69ba7c747229','2015-02-24 12:22:12'),
	(64,NULL,'0e3d9fb6-e3a7-4291-a604-18b897f01c43','2015-01-01 00:00:00'),
	(65,NULL,'f08ba314-481d-4107-9fe3-a3f3c8f550ed','2015-01-01 00:00:00'),
	(66,NULL,'7959ab36-19e0-4b4b-8e65-6d49e079c886','2015-01-01 00:00:00'),
	(67,1,'7959ab36-19e0-4b4b-8e65-6d49e079c886','2015-01-01 00:00:00'),
	(68,1,'a6f19022-41d6-4fce-98c2-94758d8c95d8','2015-02-24 13:36:26'),
	(69,NULL,'0480b502-2645-4462-99c2-8e95d1192e5a','2015-01-01 00:00:00'),
	(70,1,'0480b502-2645-4462-99c2-8e95d1192e5a','2015-01-01 00:00:00'),
	(71,3,'a829381c-be86-4b6d-9970-f497296fe18c','2015-02-24 14:20:17'),
	(72,1,'8762960d-e2e4-4ad3-8213-3e3b74b81b69','2015-02-24 16:51:34'),
	(73,1,'926f6c8b-24c0-4571-a7a3-a85d91b39b54','2015-02-24 16:52:29'),
	(74,1,'9de54ae6-e83f-42f0-9ac2-708c3a8a6290','2015-02-24 16:56:07'),
	(75,1,'d795d296-31b1-42bf-b00c-1fe9b49a3811','2015-02-24 16:56:52'),
	(76,NULL,'5069fb77-722a-4116-9e4b-7acc0a7c3107','2015-01-01 00:00:00'),
	(77,NULL,'d60d83a4-00d9-46dd-a5c1-50abbf883028','2015-01-01 00:00:00'),
	(78,1,'d60d83a4-00d9-46dd-a5c1-50abbf883028','2015-01-01 00:00:00'),
	(79,4,'d60d83a4-00d9-46dd-a5c1-50abbf883028','2015-02-24 19:00:28'),
	(80,4,'5499a18d-210f-4447-a92e-917fe043acd4','2015-02-24 19:27:15'),
	(81,4,'a829381c-be86-4b6d-9970-f497296fe18c','2015-02-24 18:45:19'),
	(82,4,'92e68a79-d752-42cd-8e6c-c8caaf4eda6f','2015-02-25 06:04:14'),
	(83,4,'52c56a04-56e8-4879-9f0d-c60afd5e8444','2015-02-25 06:05:23'),
	(84,4,'741245c7-1aa5-4d9e-a920-656b02ddcc04','2015-03-01 15:52:40'),
	(85,NULL,'741245c7-1aa5-4d9e-a920-656b02ddcc04','2015-01-01 00:00:00'),
	(86,4,'d937fb2a-a467-43e4-9caa-b12f72218cb9','2015-03-01 09:31:52'),
	(87,1,'efd40f66-12ea-4556-a0f0-1f5898f01848','2015-03-01 10:11:54'),
	(88,4,'b9286cd0-84cc-4c09-8560-b88d00856fb9','2015-03-01 10:29:59'),
	(89,4,'ea1a947a-5144-42cb-84aa-e1908a1b7320','2015-01-01 00:00:00'),
	(90,4,'4de44bad-47ad-40e7-b628-0538944b0afa','2015-01-01 00:00:00'),
	(91,4,'2a899ecd-549a-40e4-a2e1-d3412f1c3e77','2015-03-01 15:48:49'),
	(92,4,'6f398f89-fad9-4111-9921-8475536ab2f7','2015-03-01 15:33:19'),
	(93,4,'925c4bb8-eeff-4d99-a568-008465d34381','2015-03-01 15:38:33'),
	(94,1,'2f2c45ce-65fa-4dba-b9e4-c9144f7e463c','2015-03-02 09:48:02'),
	(95,1,'925c4bb8-eeff-4d99-a568-008465d34381','2015-03-02 06:06:01'),
	(96,4,'a8c0d3a5-736b-4fec-9cee-76a58ef29967','2015-03-03 13:47:52'),
	(97,1,'d602277b-4090-4e57-99a6-89aa9ffdc9e0','2015-03-05 00:58:40'),
	(98,1,'52dfa8ce-1ee0-4bfe-8284-249a9cac8a6a','2015-03-05 01:03:44'),
	(99,1,'2bdf42d5-f8ad-4d00-a8ec-1541a280ff02','2015-03-05 01:05:37'),
	(100,1,'b7b50913-fb8d-4cef-bd52-0e56cc8b2d6a','2015-03-05 01:06:42'),
	(101,1,'1fa5fe6d-5dd3-4cd5-a795-4740b1da4cd6','2015-03-05 01:07:40'),
	(102,1,'7c3ed84e-f389-47e5-9877-dff589eb11bb','2015-03-05 16:09:55'),
	(103,1,'bbd9832c-c9fc-44a0-9a6e-334201ceb30c','2015-03-05 15:11:06'),
	(104,1,'a8c0d3a5-736b-4fec-9cee-76a58ef29967','2015-03-05 15:52:16'),
	(105,1,'4d582b3f-2bf4-46fd-a7a9-c24ca2b44a6d','2015-03-06 05:52:30'),
	(106,4,'094f400b-5caa-4c62-8dc3-6992810fa155','2015-03-07 04:35:13'),
	(107,4,'de4ab2fd-f0b3-411e-aa0f-090c2dbd0e76','2015-03-06 15:04:30'),
	(108,4,'152ddd68-9a0b-4004-a803-cc056ccca8bd','2015-03-12 17:16:06'),
	(109,1,'eca82b53-50f4-4823-82e3-db1f8031fb07','2015-03-07 04:34:53'),
	(110,1,'094f400b-5caa-4c62-8dc3-6992810fa155','2015-03-07 04:35:42'),
	(111,NULL,'b0c34ac7-a8d7-4584-af76-0ac0ba60d364','2015-01-01 00:00:00'),
	(112,NULL,'f3fa5f4d-7005-4545-a724-affe34e3b215','2015-01-01 00:00:00'),
	(113,1,'f3fa5f4d-7005-4545-a724-affe34e3b215','2015-01-01 00:00:00'),
	(114,-1,'b7c5d70e-70d7-4579-b6dd-756487d8cfac','2015-01-01 00:00:00'),
	(115,1,'b7c5d70e-70d7-4579-b6dd-756487d8cfac','2015-03-08 05:28:56'),
	(116,-1,'1005d634-e722-4010-a78a-c484990c517b','2015-01-01 00:00:00'),
	(117,1,'1005d634-e722-4010-a78a-c484990c517b','2015-03-08 06:03:39'),
	(118,2,'1005d634-e722-4010-a78a-c484990c517b','2015-03-08 06:34:21'),
	(119,2,'ec62d8df-4d8e-4aec-ab0b-b27ce00b62b8','2015-03-08 06:36:21'),
	(120,2,'c403919d-256f-4cb4-9e40-f85057732520','2015-03-08 13:19:48'),
	(121,1,'c403919d-256f-4cb4-9e40-f85057732520','2015-03-08 12:41:47'),
	(122,1,'44780869-4231-4b4c-a161-9c4a18897461','2015-03-09 01:42:40'),
	(123,2,'44780869-4231-4b4c-a161-9c4a18897461','2015-03-09 01:43:14'),
	(124,1,'fc864de2-8e24-4394-ac7c-5399595af098','2015-01-01 00:00:00'),
	(125,1,'6de50b94-1125-4189-b030-848c5dbd7b30','2015-03-09 04:19:58'),
	(126,1,'8ca8f013-fc07-49fd-8b01-b6c34d44c25e','2015-03-10 07:04:49'),
	(127,4,'6de50b94-1125-4189-b030-848c5dbd7b30','2015-03-09 10:10:11'),
	(128,2,'8ca8f013-fc07-49fd-8b01-b6c34d44c25e','2015-03-14 01:36:35'),
	(129,2,'6de50b94-1125-4189-b030-848c5dbd7b30','2015-03-10 12:03:38'),
	(130,2,'7adcfb24-4652-4201-b5ab-3bff1591dfc5','2015-01-01 00:00:00'),
	(131,2,'24d12b72-393d-45c8-be61-a38df1d2b1ee','2015-01-01 00:00:00'),
	(132,2,'b6b2fab9-50a4-4ffd-88d6-f62cb203a8ae','2015-01-01 00:00:00'),
	(133,2,'cb3843f1-a2db-435a-9ea3-9a545f308b3a','2015-01-01 00:00:00'),
	(134,2,'2d8763de-0113-46df-9e9d-b6fbca99acf7','2015-03-14 15:00:30'),
	(135,2,'804240bd-ece0-4021-834f-edd7baff0cff','2015-03-14 15:44:07'),
	(136,2,'c15bd699-1501-4b83-afe2-6237ac4c7f43','2015-03-14 16:53:34'),
	(137,2,'a0121ba7-8d9a-499f-ba7e-d7102559643b','2015-03-14 16:56:38'),
	(138,2,'3aec53c2-d3d4-43fe-9e09-a49f30e64deb','2015-03-15 11:28:29'),
	(139,2,'bec9d5e5-55ad-45d1-aba2-ca912686329c','2015-03-15 14:48:51'),
	(140,1,'bec9d5e5-55ad-45d1-aba2-ca912686329c','2015-03-15 14:54:11'),
	(141,2,'6705e971-d9e1-4502-9564-7528276dacb9','2015-03-20 01:15:51'),
	(142,1,'a0121ba7-8d9a-499f-ba7e-d7102559643b','2015-03-16 06:03:52'),
	(143,1,'0983eeb4-3378-4038-bca7-3ea1309c26c1','2015-03-16 06:04:32'),
	(144,2,'0983eeb4-3378-4038-bca7-3ea1309c26c1','2015-03-16 07:39:01'),
	(145,2,'6d636f19-3176-4497-a3b2-cfd2bd013c9c','2015-03-19 17:50:52'),
	(146,2,'e4ccbbb7-1a7d-435d-81ec-d00887db08dd','2015-03-17 15:23:08'),
	(147,1,'e4ccbbb7-1a7d-435d-81ec-d00887db08dd','2015-03-17 14:59:06'),
	(148,1,'096ccfb9-d04c-411b-8ab4-357ded30a11b','2015-03-18 01:54:43'),
	(149,2,'096ccfb9-d04c-411b-8ab4-357ded30a11b','2015-03-18 01:26:57'),
	(150,2,'199d985d-647f-499f-af35-f0327127ef0b','2015-03-20 03:22:21'),
	(151,2,'88bce66c-c17e-4949-98b0-745ad55cd0e7','2015-03-20 13:13:04'),
	(152,1,'88bce66c-c17e-4949-98b0-745ad55cd0e7','2015-03-20 13:17:36');

/*!40000 ALTER TABLE `device` ENABLE KEYS */;
UNLOCK TABLES;


# Dump of table discount
# ------------------------------------------------------------

DROP TABLE IF EXISTS `discount`;

CREATE TABLE `discount` (
  `id` int(11) NOT NULL AUTO_INCREMENT,
  `merchant_id` int(11) DEFAULT NULL,
  `remote_id` int(11) DEFAULT NULL,
  `name` varchar(50) DEFAULT NULL,
  `percentage` int(11) DEFAULT NULL,
  `status` varchar(50) DEFAULT NULL,
  `create_by` varchar(50) DEFAULT NULL,
  `create_date` datetime DEFAULT NULL,
  `update_by` varchar(50) DEFAULT NULL,
  `update_date` datetime DEFAULT NULL,
  PRIMARY KEY (`id`)
) ENGINE=InnoDB DEFAULT CHARSET=utf8;

LOCK TABLES `discount` WRITE;
/*!40000 ALTER TABLE `discount` DISABLE KEYS */;

INSERT INTO `discount` (`id`, `merchant_id`, `remote_id`, `name`, `percentage`, `status`, `create_by`, `create_date`, `update_by`, `update_date`)
VALUES
	(17,1,3,'Diskon Family',100,'A','retno','2015-02-04 15:50:56','retno','2015-02-04 15:50:56'),
	(18,1,2,'Diskon Kerabat',20,'A','retno','2015-02-04 15:51:00','retno','2015-02-04 15:51:00'),
	(19,1,1,'Diskon Member',10,'A','retno','2015-02-04 15:51:04','bram','2015-02-13 15:23:17'),
	(20,1,4,'Diskon Nominal',5,'D','radix','2015-02-04 15:51:04','radix','2015-02-07 01:50:48'),
	(21,4,1,'Diskon Member',20,'A','admin','2015-03-06 06:22:49','admin','2015-03-06 06:22:49'),
	(22,4,46,'diskon umur 12',12,'A','admin','2015-03-06 13:46:34','admin','2015-03-06 13:46:34'),
	(23,4,47,'diskon umur 13',13,'A','admin','2015-03-06 13:46:43','admin','2015-03-06 13:46:43'),
	(24,4,48,'diskon umur 14',14,'A','admin','2015-03-06 13:46:53','admin','2015-03-06 13:46:53'),
	(25,4,49,'diskon umur 15',15,'A','admin','2015-03-06 13:47:01','admin','2015-03-06 13:47:01'),
	(26,4,50,'diskon umur 16',16,'A','admin','2015-03-06 13:47:10','admin','2015-03-06 13:47:10'),
	(27,4,3,'diskon umur 17',17,'A','admin','2015-03-06 13:33:40','admin','2015-03-06 13:33:40'),
	(28,4,4,'diskon umur 18',18,'A','admin','2015-03-06 13:34:01','admin','2015-03-06 13:34:01'),
	(29,4,5,'diskon umur 19',19,'A','admin','2015-03-06 13:34:48','admin','2015-03-06 13:34:48'),
	(30,4,6,'diskon umur 20',20,'A','admin','2015-03-06 13:37:03','admin','2015-03-06 13:37:03'),
	(31,4,7,'diskon umur 21',21,'A','admin','2015-03-06 13:37:22','admin','2015-03-06 13:37:22'),
	(32,4,8,'diskon umur 22',22,'A','admin','2015-03-06 13:37:58','admin','2015-03-06 13:37:58'),
	(33,4,9,'diskon umur 23',23,'A','admin','2015-03-06 13:38:11','admin','2015-03-06 13:38:11'),
	(34,4,10,'diskon umur 24',24,'A','admin','2015-03-06 13:38:22','admin','2015-03-06 13:38:22'),
	(35,4,11,'diskon umur 25',25,'A','admin','2015-03-06 13:38:33','admin','2015-03-06 13:38:33'),
	(36,4,12,'diskon umur 26',26,'A','admin','2015-03-06 13:38:44','admin','2015-03-06 13:38:44'),
	(37,4,13,'diskon umur 27',27,'A','admin','2015-03-06 13:38:54','admin','2015-03-06 13:38:54'),
	(38,4,14,'diskon umur 28',28,'A','admin','2015-03-06 13:39:04','admin','2015-03-06 13:39:04'),
	(39,4,2,'diskon umur 29',29,'A','admin','2015-03-06 13:21:24','admin','2015-03-06 13:21:24'),
	(40,4,15,'diskon umur 30',30,'A','admin','2015-03-06 13:39:21','admin','2015-03-06 13:39:21'),
	(41,4,16,'diskon umur 31',31,'A','admin','2015-03-06 13:39:31','admin','2015-03-06 13:39:31'),
	(42,4,17,'diskon umur 32',32,'A','admin','2015-03-06 13:39:44','admin','2015-03-06 13:39:44'),
	(43,4,18,'diskon umur 33',33,'A','admin','2015-03-06 13:39:52','admin','2015-03-06 13:39:52'),
	(44,4,19,'diskon umur 34',34,'A','admin','2015-03-06 13:40:00','admin','2015-03-06 13:40:00'),
	(45,4,20,'diskon umur 35',35,'A','admin','2015-03-06 13:40:11','admin','2015-03-06 13:40:11'),
	(46,4,21,'diskon umur 36',36,'A','admin','2015-03-06 13:40:21','admin','2015-03-06 13:40:21'),
	(47,4,22,'diskon umur 37',37,'A','admin','2015-03-06 13:40:33','admin','2015-03-06 13:40:33'),
	(48,4,23,'diskon umur 38',38,'A','admin','2015-03-06 13:40:43','admin','2015-03-06 13:40:43'),
	(49,4,24,'diskon umur 39',39,'A','admin','2015-03-06 13:40:57','admin','2015-03-06 13:40:57'),
	(50,4,25,'diskon umur 40',40,'A','admin','2015-03-06 13:41:08','admin','2015-03-06 13:41:08'),
	(51,4,26,'diskon umur 41',41,'A','admin','2015-03-06 13:41:17','admin','2015-03-06 13:41:17'),
	(52,4,27,'diskon umur 42',42,'A','admin','2015-03-06 13:41:29','admin','2015-03-06 13:41:29'),
	(53,4,28,'diskon umur 43',43,'A','admin','2015-03-06 13:41:39','admin','2015-03-06 13:41:39'),
	(54,4,29,'diskon umur 44',44,'A','admin','2015-03-06 13:41:48','admin','2015-03-06 13:41:48'),
	(55,4,30,'diskon umur 45',45,'A','admin','2015-03-06 13:41:57','admin','2015-03-06 13:41:57'),
	(56,4,31,'diskon umur 46',46,'A','admin','2015-03-06 13:42:06','admin','2015-03-06 13:42:06'),
	(57,4,32,'diskon umur 47',47,'A','admin','2015-03-06 13:42:15','admin','2015-03-06 13:42:15'),
	(58,4,33,'diskon umur 48',48,'A','admin','2015-03-06 13:42:25','admin','2015-03-06 13:42:25'),
	(59,4,34,'diskon umur 49',49,'A','admin','2015-03-06 13:42:34','admin','2015-03-06 13:42:34'),
	(60,4,35,'diskon umur 50',50,'A','admin','2015-03-06 13:42:46','admin','2015-03-06 13:42:46'),
	(61,4,36,'diskon umur 51',51,'A','admin','2015-03-06 13:43:14','admin','2015-03-06 13:43:14'),
	(62,4,37,'diskon umur 52',52,'A','admin','2015-03-06 13:43:23','admin','2015-03-06 13:43:23'),
	(63,4,38,'diskon umur 53',53,'A','admin','2015-03-06 13:43:31','admin','2015-03-06 13:43:31'),
	(64,4,39,'diskon umur 54',54,'A','admin','2015-03-06 13:43:40','admin','2015-03-06 13:43:40'),
	(65,4,40,'diskon umur 55',55,'A','admin','2015-03-06 13:43:49','admin','2015-03-06 13:43:49'),
	(66,4,41,'diskon umur 56',56,'A','admin','2015-03-06 13:44:00','admin','2015-03-06 13:44:00'),
	(67,4,42,'diskon umur 57',57,'A','admin','2015-03-06 13:44:09','admin','2015-03-06 13:44:09'),
	(68,4,43,'diskon umur 58',58,'A','admin','2015-03-06 13:44:17','admin','2015-03-06 13:44:17'),
	(69,4,44,'diskon umur 59',59,'A','admin','2015-03-06 13:44:38','admin','2015-03-06 13:44:38'),
	(70,4,45,'diskon umur 60',60,'A','admin','2015-03-06 13:44:46','admin','2015-03-06 13:44:46'),
	(71,2,3,'Autumn Season',35,'A','admin','2015-03-10 11:51:04','admin','2015-03-10 11:51:04'),
	(72,2,1,'Spring Season',25,'A','admin','2015-03-10 11:37:30','admin','2015-03-10 11:51:44'),
	(73,2,2,'Summer Season',50,'A','admin','2015-03-10 11:41:48','admin','2015-03-10 11:51:56'),
	(74,2,4,'Winter Season',10,'A','admin','2015-03-10 11:51:30','admin','2015-03-10 11:52:08'),
	(75,2,5,'lebaran',5,'A','kartika','2015-03-18 06:17:09','kartika','2015-03-18 06:18:14');

/*!40000 ALTER TABLE `discount` ENABLE KEYS */;
UNLOCK TABLES;


# Dump of table employee
# ------------------------------------------------------------

DROP TABLE IF EXISTS `employee`;

CREATE TABLE `employee` (
  `id` int(11) NOT NULL AUTO_INCREMENT,
  `merchant_id` int(11) DEFAULT NULL,
  `remote_id` int(11) DEFAULT NULL,
  `name` varchar(50) DEFAULT NULL,
  `telephone` varchar(50) DEFAULT NULL,
  `address` varchar(250) DEFAULT NULL,
  `status` varchar(1) DEFAULT NULL,
  `create_by` varchar(50) DEFAULT NULL,
  `create_date` datetime DEFAULT NULL,
  `update_by` varchar(50) DEFAULT NULL,
  `update_date` datetime DEFAULT NULL,
  PRIMARY KEY (`id`)
) ENGINE=InnoDB DEFAULT CHARSET=utf8;

LOCK TABLES `employee` WRITE;
/*!40000 ALTER TABLE `employee` DISABLE KEYS */;

INSERT INTO `employee` (`id`, `merchant_id`, `remote_id`, `name`, `telephone`, `address`, `status`, `create_by`, `create_date`, `update_by`, `update_date`)
VALUES
	(23,1,1,'Budi Setiawan','','','A','retno','2015-02-06 16:52:56','retno','2015-02-07 04:23:21'),
	(24,1,2,'Yani','','','D','retno','2015-02-06 16:55:23','retno','2015-02-07 04:20:43'),
	(25,1,3,'Yulis Tanoto','','','A','retno','2015-02-06 16:55:27','retno','2015-02-07 04:24:36'),
	(26,1,4,'Tulus Prasojo','','','A','retno','2015-02-07 04:06:33','retno','2015-02-07 04:24:14');

/*!40000 ALTER TABLE `employee` ENABLE KEYS */;
UNLOCK TABLES;


# Dump of table inventory
# ------------------------------------------------------------

DROP TABLE IF EXISTS `inventory`;

CREATE TABLE `inventory` (
  `id` int(11) NOT NULL AUTO_INCREMENT,
  `merchant_id` int(11) DEFAULT NULL,
  `remote_id` int(11) DEFAULT NULL,
  `product_id` int(11) DEFAULT NULL,
  `product_name` varchar(50) DEFAULT NULL,
  `product_cost_price` int(11) DEFAULT NULL,
  `quantity_str` varchar(50) DEFAULT NULL,
  `quantity` int(11) DEFAULT NULL,
  `bill_id` int(11) DEFAULT NULL,
  `bill_reference_no` varchar(50) DEFAULT NULL,
  `supplier_id` int(11) DEFAULT NULL,
  `supplier_name` varchar(50) DEFAULT NULL,
  `delivery_date` datetime DEFAULT NULL,
  `remarks` varchar(250) DEFAULT NULL,
  `status` varchar(10) DEFAULT NULL,
  `create_by` varchar(50) DEFAULT NULL,
  `create_date` datetime DEFAULT NULL,
  `update_by` varchar(50) DEFAULT NULL,
  `update_date` datetime DEFAULT NULL,
  PRIMARY KEY (`id`)
) ENGINE=InnoDB DEFAULT CHARSET=utf8;

LOCK TABLES `inventory` WRITE;
/*!40000 ALTER TABLE `inventory` DISABLE KEYS */;

INSERT INTO `inventory` (`id`, `merchant_id`, `remote_id`, `product_id`, `product_name`, `product_cost_price`, `quantity_str`, `quantity`, `bill_id`, `bill_reference_no`, `supplier_id`, `supplier_name`, `delivery_date`, `remarks`, `status`, `create_by`, `create_date`, `update_by`, `update_date`)
VALUES
	(1,2,1,32,'Akela',159000,'20',20,1,'JK/2015/0001',1,'Butik Jihan Kusuma','2015-03-14 16:00:00','Baju Batik','PRCH','kartika','2015-03-14 16:13:57','kartika','2015-03-14 16:14:42'),
	(2,2,2,25,'Altari',250000,'25',25,1,'JK/2015/0001',1,'Butik Jihan Kusuma','2015-03-14 16:00:00','Baju Altari','PRCH','kartika','2015-03-14 16:14:58','kartika','2015-03-14 16:15:18'),
	(3,2,3,39,'Amanda',85000,'10',10,1,'JK/2015/0001',1,'Butik Jihan Kusuma','2015-03-14 16:00:00','Batik Amanda','PRCH','kartika','2015-03-14 16:15:29','kartika','2015-03-14 16:15:49'),
	(4,2,4,32,'Akela',159000,'5',5,4,'763849384',3,'Danrilis','2015-03-16 16:00:00','restock','PRCH','kartika','2015-03-17 14:39:48','kartika','2015-03-19 03:27:04'),
	(5,2,5,15,'Alba',100000,'5',5,4,'763849384',3,'Danrilis','2015-03-16 17:00:00','restock','PRCH','kartika','2015-03-17 14:40:41','kartika','2015-03-17 14:40:57'),
	(6,2,6,5,'Elsafa',75000,'10',10,4,'763849384',3,'Danrilis','2015-03-16 17:00:00','restock','PRCH','kartika','2015-03-17 14:41:01','kartika','2015-03-17 14:41:21'),
	(7,2,7,16,'Yoemi',250000,'5',5,4,'763849384',3,'Danrilis','2015-03-16 17:00:00','restock','PRCH','kartika','2015-03-17 14:41:34','kartika','2015-03-17 14:41:51'),
	(8,2,8,1,'Alaia ',75000,'10',10,4,'763849384',3,'Danrilis','2015-03-16 17:00:00','restock','PRCH','kartika','2015-03-17 14:42:06','kartika','2015-03-17 14:42:20'),
	(9,2,9,23,'Diara',250000,'5',5,4,'763849384',3,'Danrilis','2015-03-16 17:00:00','restock','PRCH','kartika','2015-03-17 14:42:22','kartika','2015-03-17 14:42:37'),
	(10,2,10,18,'Kimono Cardi',200000,'5',5,4,'763849384',3,'Danrilis','2015-03-16 17:00:00','restock','PRCH','kartika','2015-03-17 14:42:58','kartika','2015-03-17 14:43:10'),
	(11,2,11,3,'Long Syiria',75000,'5',5,4,'763849384',3,'Danrilis','2015-03-16 17:00:00','restock','PRCH','kartika','2015-03-17 14:43:51','kartika','2015-03-17 14:44:10'),
	(12,2,12,1,'Alaia ',75000,'5',5,4,'763849384',3,'Danrilis','2015-03-16 17:00:00','restock','PRCH','kartika','2015-03-17 15:10:19','kartika','2015-03-17 15:10:40'),
	(13,2,13,25,'Altari',250000,'4',4,4,'763849384',3,'Danrilis','2015-03-16 17:00:00','restock','PRCH','kartika','2015-03-17 15:10:43','kartika','2015-03-17 15:11:02'),
	(14,2,14,41,'Amyta Cardi',100000,'6',6,4,'763849384',3,'Danrilis','2015-03-16 17:00:00','restock','PRCH','kartika','2015-03-17 15:11:05','kartika','2015-03-17 15:11:29'),
	(15,2,15,42,'Ariana',150000,'6',6,4,'763849384',3,'Danrilis','2015-03-16 17:00:00','restock','PRCH','kartika','2015-03-17 15:11:35','kartika','2015-03-17 15:11:53'),
	(16,2,16,35,'Bambi Tops',139000,'5',5,4,'763849384',3,'Danrilis','2015-03-16 17:00:00','restock','PRCH','kartika','2015-03-17 15:11:55','kartika','2015-03-17 15:12:12'),
	(17,2,17,6,'Deligo Basic',150000,'4',4,4,'763849384',3,'Danrilis','2015-03-16 17:00:00','restock','PRCH','kartika','2015-03-17 15:12:21','kartika','2015-03-17 15:13:11'),
	(18,2,18,23,'Diara',250000,'4',4,4,'763849384',3,'Danrilis','2015-03-16 17:00:00','restock','PRCH','kartika','2015-03-17 15:13:22','kartika','2015-03-17 15:13:51'),
	(19,2,19,36,'Ailee',239000,'3',3,4,'763849384',3,'Danrilis','2015-03-16 17:00:00','restock','PRCH','kartika','2015-03-17 15:15:10','kartika','2015-03-17 15:15:25'),
	(20,2,20,33,'Ciciyo',179000,'4',4,4,'763849384',3,'Danrilis','2015-03-16 17:00:00','restock','PRCH','kartika','2015-03-17 15:16:04','kartika','2015-03-17 15:16:21'),
	(21,2,21,2,'Elsa',75000,'6',6,4,'763849384',3,'Danrilis','2015-03-16 17:00:00','restock','PRCH','kartika','2015-03-17 15:16:41','kartika','2015-03-17 15:16:56'),
	(22,2,22,30,'Esta',200000,'5',5,4,'763849384',3,'Danrilis','2015-03-16 17:00:00','restock','PRCH','kartika','2015-03-17 15:17:38','kartika','2015-03-17 15:17:51'),
	(23,2,23,13,'Fiqa',185000,'5',5,4,'763849384',3,'Danrilis','2015-03-16 17:00:00','restock','PRCH','kartika','2015-03-17 15:18:11','kartika','2015-03-17 15:18:27'),
	(24,2,24,31,'Gianna',200000,'5',5,4,'763849384',3,'Danrilis','2015-03-16 17:00:00','restock','PRCH','kartika','2015-03-17 15:18:40','kartika','2015-03-17 15:19:01'),
	(25,2,25,14,'Greysa',175000,'5',5,4,'763849384',3,'Danrilis','2015-03-16 17:00:00','restock','PRCH','kartika','2015-03-17 15:19:14','kartika','2015-03-17 15:19:28'),
	(26,2,26,20,'Harviah Cardi',200000,'5',5,4,'763849384',3,'Danrilis','2015-03-16 17:00:00','restock','PRCH','kartika','2015-03-17 15:19:56','kartika','2015-03-17 15:20:09'),
	(27,2,27,8,'Kenny Pants FLower',150000,'6',6,4,'763849384',3,'Danrilis','2015-03-16 17:00:00','restock','PRCH','kartika','2015-03-17 15:20:43','kartika','2015-03-17 15:20:58'),
	(28,2,28,40,'Kiara ',200000,'5',5,4,'763849384',3,'Danrilis','2015-03-16 17:00:00','restock','PRCH','kartika','2015-03-17 15:21:11','kartika','2015-03-17 15:21:29'),
	(29,2,29,3,'Long Syiria',75000,'6',6,4,'763849384',3,'Danrilis','2015-03-16 17:00:00','restock','PRCH','kartika','2015-03-17 15:21:54','kartika','2015-03-17 15:22:14'),
	(30,2,30,33,'Ciciyo',179000,'0',0,NULL,'20150317234951606',NULL,NULL,'2015-03-17 15:49:51',NULL,'SALE','lala','2015-03-17 15:49:51','lala','2015-03-17 15:49:51'),
	(31,2,31,28,'Lana',200000,'1',-1,NULL,'20150318004620837',NULL,NULL,'2015-03-17 16:46:20',NULL,'SALE','lala','2015-03-17 16:46:20','lala','2015-03-17 16:46:20'),
	(32,2,32,24,'Zavina',150000,'1',-1,NULL,'20150318004620837',NULL,NULL,'2015-03-17 16:46:20',NULL,'SALE','lala','2015-03-17 16:46:20','lala','2015-03-17 16:46:20'),
	(33,2,33,36,'Ailee',239000,'1',-1,NULL,'20150318004620837',NULL,NULL,'2015-03-17 16:46:20',NULL,'SALE','lala','2015-03-17 16:46:20','lala','2015-03-17 16:46:20'),
	(34,2,34,29,'Pax',250000,'1',-1,NULL,'20150318005431715',NULL,NULL,'2015-03-17 16:54:31',NULL,'SALE','lala','2015-03-17 16:54:31','lala','2015-03-17 16:54:31'),
	(35,2,35,37,'Striped Neola',159000,'1',-1,NULL,'20150318005431715',NULL,NULL,'2015-03-17 16:54:31',NULL,'SALE','lala','2015-03-17 16:54:31','lala','2015-03-17 16:54:31'),
	(36,2,36,24,'Zavina',150000,'1',-1,NULL,'20150318005431715',NULL,NULL,'2015-03-17 16:54:31',NULL,'SALE','lala','2015-03-17 16:54:31','lala','2015-03-17 16:54:31'),
	(37,2,37,33,'Ciciyo',179000,'1',-1,NULL,'20150318005431715',NULL,NULL,'2015-03-17 16:54:31',NULL,'SALE','lala','2015-03-17 16:54:31','lala','2015-03-17 16:54:31'),
	(38,2,38,1,'Alaia ',75000,'1',-1,NULL,'20150318011954626',NULL,NULL,'2015-03-17 17:19:54',NULL,'SALE','lala','2015-03-17 17:19:54','lala','2015-03-17 17:19:54'),
	(39,2,39,3,'Long Syiria',75000,'1',-1,NULL,'20150318011954626',NULL,NULL,'2015-03-17 17:19:54',NULL,'SALE','lala','2015-03-17 17:19:54','lala','2015-03-17 17:19:54'),
	(40,1,1,19,'Ayam Bakar Spesial',10000,'2',-2,NULL,'20150318085258597',NULL,NULL,'2015-03-18 01:52:58',NULL,'SALE','bram','2015-03-18 01:52:58','bram','2015-03-18 01:52:58'),
	(41,1,2,4,'Ayam Bakar Kecap Manis',6000,'1',-1,NULL,'20150318085258597',NULL,NULL,'2015-03-18 01:52:58',NULL,'SALE','bram','2015-03-18 01:52:58','bram','2015-03-18 01:52:58'),
	(42,1,3,5,'Sate Kambing Muda',17500,'1',-1,NULL,'20150318085258597',NULL,NULL,'2015-03-18 01:52:58',NULL,'SALE','bram','2015-03-18 01:52:58','bram','2015-03-18 01:52:58'),
	(43,1,4,6,'Udang Bakar Madu',15000,'1',-1,NULL,'20150318085258597',NULL,NULL,'2015-03-18 01:52:58',NULL,'SALE','bram','2015-03-18 01:52:58','bram','2015-03-18 01:52:58'),
	(44,1,5,4,'Ayam Bakar Kecap Manis',6000,'2',-2,NULL,'20150318085325491',NULL,NULL,'2015-03-18 01:53:25',NULL,'SALE','bram','2015-03-18 01:53:25','bram','2015-03-18 01:53:25'),
	(45,1,6,12,'Sate Kambing',17500,'1',-1,NULL,'20150318085325491',NULL,NULL,'2015-03-18 01:53:25',NULL,'SALE','bram','2015-03-18 01:53:25','bram','2015-03-18 01:53:25'),
	(46,1,7,1,'Daging Sapi Asap Spesial',10000,'1',-1,NULL,'20150318085325491',NULL,NULL,'2015-03-18 01:53:25',NULL,'SALE','bram','2015-03-18 01:53:25','bram','2015-03-18 01:53:25'),
	(47,1,8,11,'Soto Ayam',10000,'1',-1,NULL,'20150318085325491',NULL,NULL,'2015-03-18 01:53:25',NULL,'SALE','bram','2015-03-18 01:53:25','bram','2015-03-18 01:53:25'),
	(48,1,9,6,'Udang Bakar Madu',15000,'2',-2,NULL,'20150318085401670',NULL,NULL,'2015-03-18 01:54:01',NULL,'SALE','bram','2015-03-18 01:54:01','bram','2015-03-18 01:54:01'),
	(49,1,10,16,'Tongseng Kambing',25000,'2',-2,NULL,'20150318085401670',NULL,NULL,'2015-03-18 01:54:01',NULL,'SALE','bram','2015-03-18 01:54:01','bram','2015-03-18 01:54:01'),
	(50,1,11,5,'Sate Kambing Muda',17500,'2',-2,NULL,'20150318085401670',NULL,NULL,'2015-03-18 01:54:01',NULL,'SALE','bram','2015-03-18 01:54:01','bram','2015-03-18 01:54:01'),
	(51,1,12,13,'Ayam Bakar Petis Udang Spesial',5000,'1',-1,NULL,'20150318085401670',NULL,NULL,'2015-03-18 01:54:01',NULL,'SALE','bram','2015-03-18 01:54:01','bram','2015-03-18 01:54:01'),
	(52,1,13,4,'Ayam Bakar Kecap Manis',6000,'1',-1,NULL,'20150318085401670',NULL,NULL,'2015-03-18 01:54:01',NULL,'SALE','bram','2015-03-18 01:54:01','bram','2015-03-18 01:54:01'),
	(53,2,40,34,'Kimu Striped',189000,'5',5,4,'763849384',3,'Danrilis','2015-03-16 17:00:00','restock','PRCH','kartika','2015-03-18 02:25:32','kartika','2015-03-18 02:25:54'),
	(54,2,41,27,'Kirana Cardi',150000,'6',6,4,'763849384',3,'Danrilis','2015-03-16 17:00:00','restock','PRCH','kartika','2015-03-18 02:26:14','kartika','2015-03-18 02:26:34'),
	(55,2,42,38,'Koma Blouse',129000,'5',5,4,'763849384',3,'Danrilis','2015-03-16 17:00:00','restock','PRCH','kartika','2015-03-18 02:26:48','kartika','2015-03-18 02:27:12'),
	(56,2,43,28,'Lana',200000,'5',5,4,'763849384',3,'Danrilis','2015-03-16 17:00:00','restock','PRCH','kartika','2015-03-18 02:27:33','kartika','2015-03-18 02:27:56'),
	(57,2,44,7,'Loewy ',200000,'5',5,4,'763849384',3,'Danrilis','2015-03-16 17:00:00','restock','PRCH','kartika','2015-03-18 02:28:15','kartika','2015-03-18 02:28:32'),
	(58,2,45,19,'Loona Cardi',200000,'5',5,4,'763849384',3,'Danrilis','2015-03-16 17:00:00','restock','PRCH','kartika','2015-03-18 02:29:03','kartika','2015-03-18 02:29:45'),
	(59,2,46,44,'Lotta',90000,'5',5,4,'763849384',3,'Danrilis','2015-03-16 17:00:00','restock','PRCH','kartika','2015-03-18 02:30:00','kartika','2015-03-18 02:30:18'),
	(60,2,47,43,'Marwah ',90000,'5',5,4,'763849384',3,'Danrilis','2015-03-16 17:00:00','restock','PRCH','kartika','2015-03-18 02:30:54','kartika','2015-03-18 02:31:26'),
	(61,2,48,22,'Muzza',200000,'5',5,4,'763849384',3,'Danrilis','2015-03-16 17:00:00','restock','PRCH','kartika','2015-03-18 02:31:39','kartika','2015-03-18 02:32:01'),
	(62,2,49,11,'Ninja Antem',50000,'10',10,4,'763849384',3,'Danrilis','2015-03-16 17:00:00','restock','PRCH','kartika','2015-03-18 02:32:24','kartika','2015-03-18 02:32:49'),
	(63,2,50,21,'Olla Vest',200000,'5',5,4,'763849384',3,'Danrilis','2015-03-16 17:00:00','restock','PRCH','kartika','2015-03-18 02:33:08','kartika','2015-03-18 02:33:28'),
	(64,2,51,29,'Pax',250000,'5',5,4,'763849384',3,'Danrilis','2015-03-16 17:00:00','restock','PRCH','kartika','2015-03-18 02:33:48','kartika','2015-03-18 02:34:02'),
	(65,2,52,17,'Rifqa Long Cardi',250000,'6',6,4,'763849384',3,'Danrilis','2015-03-16 17:00:00','restock','PRCH','kartika','2015-03-18 02:34:15','kartika','2015-03-18 02:34:37'),
	(66,2,53,4,'Short Syiria',60000,'10',10,4,'763849384',3,'Danrilis','2015-03-16 17:00:00','restock','PRCH','kartika','2015-03-18 02:34:50','kartika','2015-03-18 02:35:08'),
	(67,2,54,37,'Striped Neola',159000,'5',5,4,'763849384',3,'Danrilis','2015-03-16 17:00:00','restock','PRCH','kartika','2015-03-18 02:35:23','kartika','2015-03-18 02:35:53'),
	(68,2,55,26,'Syibilla',300000,'5',5,4,'763849384',3,'Danrilis','2015-03-16 17:00:00','restock','PRCH','kartika','2015-03-18 02:36:07','kartika','2015-03-18 02:36:22'),
	(69,2,56,10,'Virra Cardi',200000,'5',5,4,'763849384',3,'Danrilis','2015-03-16 17:00:00','restock','PRCH','kartika','2015-03-18 02:36:35','kartika','2015-03-18 02:36:50'),
	(70,2,57,45,'Vurla Scraf',45000,'10',10,4,'763849384',3,'Danrilis','2015-03-16 17:00:00','restock','PRCH','kartika','2015-03-18 02:37:03','kartika','2015-03-18 02:37:19'),
	(71,2,58,12,'Xeena',100000,'10',10,4,'763849384',3,'Danrilis','2015-03-16 17:00:00','restock','PRCH','kartika','2015-03-18 02:37:30','kartika','2015-03-18 02:37:43'),
	(72,2,59,9,'Zaura',200000,'5',5,4,'763849384',3,'Danrilis','2015-03-16 17:00:00','restock','PRCH','kartika','2015-03-18 02:37:53','kartika','2015-03-18 02:38:11'),
	(73,2,60,24,'Zavina',150000,'10',10,4,'763849384',3,'Danrilis','2015-03-16 17:00:00','restock','PRCH','kartika','2015-03-18 02:38:28','kartika','2015-03-18 02:38:49'),
	(74,2,61,36,'Ailee',239000,'1',-1,NULL,'20150318094157034',NULL,NULL,'2015-03-18 02:41:57',NULL,'SALE','lala','2015-03-18 02:41:57','lala','2015-03-18 02:41:57'),
	(75,2,62,5,'Elsafa',75000,'1',-1,NULL,'20150318094157034',NULL,NULL,'2015-03-18 02:41:57',NULL,'SALE','lala','2015-03-18 02:41:57','lala','2015-03-18 02:41:57'),
	(76,2,63,41,'Amyta Cardi',100000,'1',-1,NULL,'20150318094157034',NULL,NULL,'2015-03-18 02:41:58',NULL,'SALE','lala','2015-03-18 02:41:58','lala','2015-03-18 02:41:58'),
	(77,2,64,31,'Gianna',200000,'1',-1,NULL,'20150318094225045',NULL,NULL,'2015-03-18 02:42:25',NULL,'SALE','lala','2015-03-18 02:42:25','lala','2015-03-18 02:42:25'),
	(78,2,65,38,'Koma Blouse',129000,'1',-1,NULL,'20150318094225045',NULL,NULL,'2015-03-18 02:42:25',NULL,'SALE','lala','2015-03-18 02:42:25','lala','2015-03-18 02:42:25'),
	(79,2,66,8,'Kenny Pants FLower',150000,'2',-2,NULL,'20150318094250658',NULL,NULL,'2015-03-18 02:42:50',NULL,'SALE','lala','2015-03-18 02:42:50','lala','2015-03-18 02:42:50'),
	(80,2,67,25,'Altari',250000,'1',-1,NULL,'20150318094334882',NULL,NULL,'2015-03-18 02:43:34',NULL,'SALE','lala','2015-03-18 02:43:34','lala','2015-03-18 02:43:34'),
	(81,2,68,41,'Amyta Cardi',100000,'2',-2,NULL,'20150318123600715',NULL,NULL,'2015-03-18 05:36:00',NULL,'SALE','lala','2015-03-18 05:36:00','lala','2015-03-18 05:36:00'),
	(82,2,69,1,'Alaia ',75000,'2',-2,NULL,'20150318123600715',NULL,NULL,'2015-03-18 05:36:00',NULL,'SALE','lala','2015-03-18 05:36:00','lala','2015-03-18 05:36:00'),
	(83,2,70,32,'Akela',159000,'9',-9,NULL,'20150318124003837',NULL,NULL,'2015-03-18 05:40:03',NULL,'SALE','lala','2015-03-18 05:40:03','lala','2015-03-18 05:40:03'),
	(84,1,14,13,'Ayam Bakar Petis Udang Spesial',5000,'2',-2,NULL,'20150318193947408',NULL,NULL,'2015-03-18 12:39:47',NULL,'SALE','bram','2015-03-18 12:39:47','bram','2015-03-18 12:39:47'),
	(85,1,15,5,'Sate Kambing Muda',17500,'1',-1,NULL,'20150318193947408',NULL,NULL,'2015-03-18 12:39:47',NULL,'SALE','bram','2015-03-18 12:39:47','bram','2015-03-18 12:39:47'),
	(86,1,16,4,'Ayam Bakar Kecap Manis',6000,'1',-1,NULL,'20150318193947408',NULL,NULL,'2015-03-18 12:39:47',NULL,'SALE','bram','2015-03-18 12:39:47','bram','2015-03-18 12:39:47'),
	(87,2,71,36,'Ailee',239000,'30',30,4,'763849384',3,'Danrilis','2015-03-16 17:00:00','restok','PRCH','kartika','2015-03-18 06:09:16','kartika','2015-03-18 06:09:53'),
	(88,2,72,1,'Alaia ',75000,'1',-1,NULL,'20150318193706702',NULL,NULL,'2015-03-18 12:37:06',NULL,'SALE','lala','2015-03-18 12:37:06','lala','2015-03-18 12:37:06'),
	(89,2,73,39,'Amanda',85000,'1',-1,NULL,'20150318193706702',NULL,NULL,'2015-03-18 12:37:06',NULL,'SALE','lala','2015-03-18 12:37:06','lala','2015-03-18 12:37:06'),
	(90,2,74,33,'Ciciyo',179000,'1',-1,NULL,'20150318193706702',NULL,NULL,'2015-03-18 12:37:06',NULL,'SALE','lala','2015-03-18 12:37:06','lala','2015-03-18 12:37:06'),
	(91,2,75,15,'Alba',100000,'1',-1,NULL,'20150318193746104',NULL,NULL,'2015-03-18 12:37:46',NULL,'SALE','lala','2015-03-18 12:37:46','lala','2015-03-18 12:37:46'),
	(92,2,76,42,'Ariana',150000,'1',-1,NULL,'20150318193746104',NULL,NULL,'2015-03-18 12:37:46',NULL,'SALE','lala','2015-03-18 12:37:46','lala','2015-03-18 12:37:46'),
	(93,2,77,12,'Xeena',100000,'1',-1,NULL,'20150318193746104',NULL,NULL,'2015-03-18 12:37:46',NULL,'SALE','lala','2015-03-18 12:37:46','lala','2015-03-18 12:37:46'),
	(94,2,78,12,'Xeena',100000,'1',-1,NULL,'20150319215153510',NULL,NULL,'2015-03-19 14:51:53',NULL,'SALE','lala','2015-03-19 14:51:53','lala','2015-03-19 14:51:53'),
	(95,2,79,37,'Striped Neola',159000,'1',-1,NULL,'20150319215153510',NULL,NULL,'2015-03-19 14:51:53',NULL,'SALE','lala','2015-03-19 14:51:53','lala','2015-03-19 14:51:53'),
	(96,2,80,34,'Kimu Striped',189000,'1',-1,NULL,'20150319215247063',NULL,NULL,'2015-03-19 14:52:47',NULL,'SALE','lala','2015-03-19 14:52:47','lala','2015-03-19 14:52:47'),
	(97,2,81,7,'Loewy ',200000,'1',-1,NULL,'20150319215247063',NULL,NULL,'2015-03-19 14:52:47',NULL,'SALE','lala','2015-03-19 14:52:47','lala','2015-03-19 14:52:47'),
	(98,2,82,14,'Greysa',175000,'1',-1,NULL,'20150319215247063',NULL,NULL,'2015-03-19 14:52:47',NULL,'SALE','lala','2015-03-19 14:52:47','lala','2015-03-19 14:52:47'),
	(99,2,83,13,'Fiqa',185000,'1',-1,NULL,'20150319215247063',NULL,NULL,'2015-03-19 14:52:47',NULL,'SALE','lala','2015-03-19 14:52:47','lala','2015-03-19 14:52:47'),
	(100,2,84,20,'Harviah Cardi',200000,'1',-1,NULL,'20150319215326092',NULL,NULL,'2015-03-19 14:53:26',NULL,'SALE','lala','2015-03-19 14:53:26','lala','2015-03-19 14:53:26'),
	(101,2,85,40,'Kiara ',200000,'1',-1,NULL,'20150319215326092',NULL,NULL,'2015-03-19 14:53:26',NULL,'SALE','lala','2015-03-19 14:53:26','lala','2015-03-19 14:53:26'),
	(102,2,86,44,'Lotta',90000,'1',-1,NULL,'20150319215326092',NULL,NULL,'2015-03-19 14:53:26',NULL,'SALE','lala','2015-03-19 14:53:26','lala','2015-03-19 14:53:26'),
	(103,2,87,1,'Alaia ',75000,'1',-1,NULL,'20150320200725391',NULL,NULL,'2015-03-20 13:07:25',NULL,'SALE','lala','2015-03-20 13:07:25','lala','2015-03-20 13:07:25'),
	(104,2,88,36,'Ailee',239000,'1',-1,NULL,'20150320200725391',NULL,NULL,'2015-03-20 13:07:25',NULL,'SALE','lala','2015-03-20 13:07:25','lala','2015-03-20 13:07:25'),
	(105,2,89,31,'Gianna',200000,'1',-1,NULL,'20150320200725391',NULL,NULL,'2015-03-20 13:07:25',NULL,'SALE','lala','2015-03-20 13:07:25','lala','2015-03-20 13:07:25'),
	(106,2,90,44,'Lotta',90000,'1',-1,NULL,'20150320200839291',NULL,NULL,'2015-03-20 13:08:39',NULL,'SALE','lala','2015-03-20 13:08:39','lala','2015-03-20 13:08:39'),
	(107,2,91,20,'Harviah Cardi',200000,'1',-1,NULL,'20150320200839291',NULL,NULL,'2015-03-20 13:08:39',NULL,'SALE','lala','2015-03-20 13:08:39','lala','2015-03-20 13:08:39'),
	(108,2,92,7,'Loewy ',200000,'1',-1,NULL,'20150320200839291',NULL,NULL,'2015-03-20 13:08:39',NULL,'SALE','lala','2015-03-20 13:08:39','lala','2015-03-20 13:08:39'),
	(109,2,93,12,'Xeena',100000,'1',-1,NULL,'20150320200839291',NULL,NULL,'2015-03-20 13:08:39',NULL,'SALE','lala','2015-03-20 13:08:39','lala','2015-03-20 13:08:39'),
	(110,2,94,9,'Zaura',200000,'1',-1,NULL,'20150320200839291',NULL,NULL,'2015-03-20 13:08:39',NULL,'SALE','lala','2015-03-20 13:08:39','lala','2015-03-20 13:08:39'),
	(111,2,95,20,'Harviah Cardi',200000,'1',-1,NULL,'20150320200949746',NULL,NULL,'2015-03-20 13:09:49',NULL,'SALE','lala','2015-03-20 13:09:49','lala','2015-03-20 13:09:49'),
	(112,2,96,36,'Ailee',239000,'2',-2,NULL,'20150320200949746',NULL,NULL,'2015-03-20 13:09:49',NULL,'SALE','lala','2015-03-20 13:09:49','lala','2015-03-20 13:09:49'),
	(113,2,97,32,'Akela',159000,'1',-1,NULL,'20150320200949746',NULL,NULL,'2015-03-20 13:09:49',NULL,'SALE','lala','2015-03-20 13:09:49','lala','2015-03-20 13:09:49'),
	(114,1,17,19,'Ayam Bakar Spesial',10000,'1',-1,NULL,'20150319195824988',NULL,NULL,'2015-03-19 12:58:24',NULL,'SALE','bram','2015-03-19 12:58:24','bram','2015-03-19 12:58:24'),
	(115,1,18,2,'Bakso Sapi Spesial Jamur Merang',8000,'2',-2,NULL,'20150319195824988',NULL,NULL,'2015-03-19 12:58:25',NULL,'SALE','bram','2015-03-19 12:58:25','bram','2015-03-19 12:58:25'),
	(116,1,19,5,'Sate Kambing Muda',17500,'1',-1,NULL,'20150319195824988',NULL,NULL,'2015-03-19 12:58:25',NULL,'SALE','bram','2015-03-19 12:58:25','bram','2015-03-19 12:58:25'),
	(117,1,20,5,'Sate Kambing Muda',17500,'1',-1,NULL,'20150319195842937',NULL,NULL,'2015-03-19 12:58:42',NULL,'SALE','bram','2015-03-19 12:58:42','bram','2015-03-19 12:58:42'),
	(118,1,21,13,'Ayam Bakar Petis Udang Spesial',5000,'3',-3,NULL,'20150319195842937',NULL,NULL,'2015-03-19 12:58:42',NULL,'SALE','bram','2015-03-19 12:58:42','bram','2015-03-19 12:58:42'),
	(119,1,22,4,'Ayam Bakar Kecap Manis',6000,'1',-1,NULL,'20150319195842937',NULL,NULL,'2015-03-19 12:58:42',NULL,'SALE','bram','2015-03-19 12:58:42','bram','2015-03-19 12:58:42'),
	(120,1,23,5,'Sate Kambing Muda',17500,'1',-1,NULL,'20150319195908310',NULL,NULL,'2015-03-19 12:59:08',NULL,'SALE','bram','2015-03-19 12:59:08','bram','2015-03-19 12:59:08'),
	(121,1,24,12,'Sate Kambing',17500,'2',-2,NULL,'20150319195908310',NULL,NULL,'2015-03-19 12:59:08',NULL,'SALE','bram','2015-03-19 12:59:08','bram','2015-03-19 12:59:08'),
	(122,1,25,5,'Sate Kambing Muda',17500,'1',-1,NULL,'20150320201504408',NULL,NULL,'2015-03-20 13:15:04',NULL,'SALE','bram','2015-03-20 13:15:04','bram','2015-03-20 13:15:04'),
	(123,1,26,12,'Sate Kambing',17500,'2',-2,NULL,'20150320201504408',NULL,NULL,'2015-03-20 13:15:04',NULL,'SALE','bram','2015-03-20 13:15:04','bram','2015-03-20 13:15:04'),
	(124,1,27,8,'Gado-gado',5000,'3',-3,NULL,'20150320201504408',NULL,NULL,'2015-03-20 13:15:04',NULL,'SALE','bram','2015-03-20 13:15:04','bram','2015-03-20 13:15:04'),
	(125,1,28,6,'Udang Bakar Madu',15000,'3',-3,NULL,'20150320201504408',NULL,NULL,'2015-03-20 13:15:04',NULL,'SALE','bram','2015-03-20 13:15:04','bram','2015-03-20 13:15:04'),
	(126,1,29,7,'Bakso Urat Spesial',8000,'3',-3,NULL,'20150320201534516',NULL,NULL,'2015-03-20 13:15:34',NULL,'SALE','bram','2015-03-20 13:15:34','bram','2015-03-20 13:15:34'),
	(127,1,30,8,'Gado-gado',5000,'3',-3,NULL,'20150320201534516',NULL,NULL,'2015-03-20 13:15:34',NULL,'SALE','bram','2015-03-20 13:15:34','bram','2015-03-20 13:15:34'),
	(128,1,31,16,'Tongseng Kambing',25000,'2',-2,NULL,'20150320201534516',NULL,NULL,'2015-03-20 13:15:34',NULL,'SALE','bram','2015-03-20 13:15:34','bram','2015-03-20 13:15:34'),
	(129,1,32,5,'Sate Kambing Muda',17500,'1',-1,NULL,'20150320201534516',NULL,NULL,'2015-03-20 13:15:34',NULL,'SALE','bram','2015-03-20 13:15:34','bram','2015-03-20 13:15:34'),
	(130,1,33,5,'Sate Kambing Muda',17500,'2',-2,NULL,'20150320201555687',NULL,NULL,'2015-03-20 13:15:55',NULL,'SALE','bram','2015-03-20 13:15:55','bram','2015-03-20 13:15:55'),
	(131,1,34,14,'Ayam Asam Manis',6000,'3',-3,NULL,'20150320201555687',NULL,NULL,'2015-03-20 13:15:55',NULL,'SALE','bram','2015-03-20 13:15:55','bram','2015-03-20 13:15:55');

/*!40000 ALTER TABLE `inventory` ENABLE KEYS */;
UNLOCK TABLES;


# Dump of table merchant
# ------------------------------------------------------------

DROP TABLE IF EXISTS `merchant`;

CREATE TABLE `merchant` (
  `id` int(11) NOT NULL AUTO_INCREMENT,
  `remote_id` int(11) DEFAULT NULL,
  `name` varchar(50) DEFAULT NULL,
  `type` varchar(50) DEFAULT NULL,
  `address` varchar(250) DEFAULT NULL,
  `telephone` varchar(50) DEFAULT NULL,
  `contact_name` varchar(50) DEFAULT NULL,
  `contact_telephone` varchar(50) DEFAULT NULL,
  `login_id` varchar(50) DEFAULT NULL,
  `password` varchar(50) DEFAULT NULL,
  `period_start` datetime DEFAULT NULL,
  `period_end` datetime DEFAULT NULL,
  `tax_percentage` int(11) DEFAULT NULL,
  `service_charge_percentage` int(11) DEFAULT NULL,
  `status` varchar(50) DEFAULT NULL,
  `create_by` varchar(50) DEFAULT NULL,
  `create_date` datetime DEFAULT NULL,
  `update_by` varchar(50) DEFAULT NULL,
  `update_date` datetime DEFAULT NULL,
  PRIMARY KEY (`id`)
) ENGINE=InnoDB DEFAULT CHARSET=utf8;

LOCK TABLES `merchant` WRITE;
/*!40000 ALTER TABLE `merchant` DISABLE KEYS */;

INSERT INTO `merchant` (`id`, `remote_id`, `name`, `type`, `address`, `telephone`, `contact_name`, `contact_telephone`, `login_id`, `password`, `period_start`, `period_end`, `tax_percentage`, `service_charge_percentage`, `status`, `create_by`, `create_date`, `update_by`, `update_date`)
VALUES
	(14,1,'Warung Pojok','R','Jl. Panjaitan 50 Jakarta Pusat','(021) 76541234','Agus Mustopo','021 76541234','warjok','warjok','2014-12-22 08:00:00','2015-12-22 08:00:00',0,0,'A','retno','2015-02-07 10:41:59','bram','2015-02-17 17:13:56'),
	(15,2,'Butik Sekar Ayu','S','Jl. Kenanga 21B Laweyan Surakarta','(0271) 71234456','Sekar','(0271) 72136543','sekarayu','1','2015-02-06 16:00:00','2020-03-07 16:00:00',0,0,'A','retno','2015-02-07 10:41:55','kartika','2015-03-19 02:32:56'),
	(16,3,'Warung Sate Pak Barno','R','Jl Pucang Sari 1 Laweyan Solo','(0271) 79812345','Subarno','081915431918','satebarno','satebarno','2015-02-23 16:00:00','2016-02-23 16:00:00',NULL,NULL,'A',NULL,'2015-02-24 14:07:23',NULL,'2015-02-24 14:07:23'),
	(17,4,'Mbok Rawit Semarang','R','Jl. Durian Raya Ruko Segitiga Emas Kav.8 Banyumanik Semarang','082225905581','Riena Anggraeni','081904328288','mbokrawit','1','2015-02-24 16:00:00','2030-02-24 16:00:00',0,0,'A','admin','2015-02-24 18:14:51','admin','2015-02-24 18:38:31');

/*!40000 ALTER TABLE `merchant` ENABLE KEYS */;
UNLOCK TABLES;


# Dump of table product
# ------------------------------------------------------------

DROP TABLE IF EXISTS `product`;

CREATE TABLE `product` (
  `id` int(11) NOT NULL AUTO_INCREMENT,
  `merchant_id` int(11) DEFAULT NULL,
  `remote_id` int(11) DEFAULT NULL,
  `product_group_id` int(11) DEFAULT NULL,
  `name` varchar(50) DEFAULT NULL,
  `type` varchar(50) DEFAULT NULL,
  `price` int(11) DEFAULT NULL,
  `cost_price` int(11) DEFAULT NULL,
  `pic_required` varchar(50) DEFAULT NULL,
  `commision` int(11) DEFAULT NULL,
  `promo_price` int(11) DEFAULT NULL,
  `promo_start` datetime DEFAULT NULL,
  `promo_end` datetime DEFAULT NULL,
  `stock` int(11) DEFAULT NULL,
  `min_stock` int(11) DEFAULT NULL,
  `status` varchar(50) DEFAULT NULL,
  `create_by` varchar(50) DEFAULT NULL,
  `create_date` datetime DEFAULT NULL,
  `update_by` varchar(50) DEFAULT NULL,
  `update_date` datetime DEFAULT NULL,
  PRIMARY KEY (`id`)
) ENGINE=InnoDB DEFAULT CHARSET=utf8;

LOCK TABLES `product` WRITE;
/*!40000 ALTER TABLE `product` DISABLE KEYS */;

INSERT INTO `product` (`id`, `merchant_id`, `remote_id`, `product_group_id`, `name`, `type`, `price`, `cost_price`, `pic_required`, `commision`, `promo_price`, `promo_start`, `promo_end`, `stock`, `min_stock`, `status`, `create_by`, `create_date`, `update_by`, `update_date`)
VALUES
	(15,1,14,2,'Ayam Asam Manis','P',7500,6000,'N',NULL,NULL,NULL,NULL,NULL,NULL,'A','retno','2015-02-12 01:35:27','retno','2015-02-14 10:41:40'),
	(16,1,4,2,'Ayam Bakar Kecap Manis','P',10000,6000,'N',NULL,NULL,NULL,NULL,NULL,NULL,'I','retno','2015-02-12 01:35:27','retno','2015-02-14 10:42:28'),
	(17,1,13,2,'Ayam Bakar Petis Udang Spesial','P',7500,5000,'N',NULL,NULL,NULL,NULL,NULL,NULL,'A','retno','2015-02-12 01:35:27','retno','2015-02-14 10:46:10'),
	(18,1,19,2,'Ayam Bakar Spesial','P',10000,NULL,'N',NULL,NULL,NULL,NULL,NULL,NULL,'A','retno','2015-02-12 01:35:27','retno','2015-02-12 01:34:22'),
	(19,1,10,2,'Ayam Balado Sambal Pete','P',6500,NULL,'N',NULL,4500,'2014-12-15 16:00:00','2014-12-15 16:00:00',NULL,NULL,'A','retno','2015-02-12 01:35:27','retno','2015-02-12 01:34:22'),
	(20,1,3,2,'Ayam Goreng Spesial Jamur','P',6500,NULL,'N',NULL,NULL,NULL,NULL,NULL,NULL,'A','retno','2015-02-12 01:35:27','retno','2015-02-12 01:34:22'),
	(21,1,2,5,'Bakso Sapi Spesial Jamur Merang','P',8000,NULL,'N',NULL,NULL,NULL,NULL,NULL,NULL,'A','retno','2015-02-12 01:35:27','bram','2015-02-13 15:15:29'),
	(22,1,7,5,'Bakso Urat Spesial','P',8000,NULL,'N',NULL,NULL,NULL,NULL,NULL,NULL,'A','retno','2015-02-12 01:35:27','bram','2015-02-13 15:15:34'),
	(23,1,15,2,'Cah Kangkung','P',7500,NULL,'N',NULL,NULL,NULL,NULL,NULL,NULL,'A','retno','2015-02-12 01:35:27','retno','2015-02-12 01:34:22'),
	(24,1,1,5,'Daging Sapi Asap Spesial','P',10000,NULL,'N',NULL,NULL,NULL,NULL,NULL,NULL,'A','retno','2015-02-12 01:35:27','bram','2015-02-13 15:15:43'),
	(25,1,20,4,'Facial AH 80','S',50000,NULL,'Y',NULL,NULL,NULL,NULL,NULL,NULL,'D','retno','2015-02-12 01:35:27','retno','2015-02-12 01:34:22'),
	(26,1,8,2,'Gado-gado','P',5000,NULL,'N',NULL,NULL,NULL,NULL,NULL,NULL,'A','retno','2015-02-12 01:35:27','retno','2015-02-12 01:34:22'),
	(27,1,18,2,'Sambal Goreng Ati','P',7500,NULL,'N',NULL,NULL,NULL,NULL,NULL,NULL,'D','retno','2015-02-12 01:35:27','retno','2015-02-12 01:34:22'),
	(28,1,12,3,'Sate Kambing','P',17500,NULL,'N',NULL,NULL,NULL,NULL,NULL,NULL,'A','retno','2015-02-12 01:35:27','retno','2015-02-12 01:34:22'),
	(29,1,5,3,'Sate Kambing Muda','P',17500,NULL,'N',NULL,NULL,NULL,NULL,NULL,NULL,'A','retno','2015-02-12 01:35:27','retno','2015-02-12 01:34:22'),
	(30,1,11,2,'Soto Ayam','P',10000,NULL,'N',NULL,NULL,NULL,NULL,NULL,NULL,'A','retno','2015-02-12 01:35:27','retno','2015-02-12 01:34:22'),
	(31,1,16,3,'Tongseng Kambing','P',25000,NULL,'N',NULL,NULL,NULL,NULL,NULL,NULL,'A','retno','2015-02-12 01:35:27','retno','2015-02-12 01:34:22'),
	(32,1,6,1,'Udang Bakar Madu','P',15000,NULL,'N',NULL,NULL,NULL,NULL,NULL,NULL,'A','retno','2015-02-12 01:35:27','retno','2015-02-12 01:34:22'),
	(33,4,1,1,'Paket Ayam Kungpou','P',17500,10000,'Y',100,NULL,NULL,NULL,NULL,NULL,'D','admin','2015-02-24 17:55:56','admin','2015-02-24 17:55:56'),
	(34,4,2,1,'Paket Udang Bakar','P',17500,10000,'Y',100,NULL,NULL,NULL,NULL,NULL,'D','admin','2015-02-24 17:58:04','admin','2015-02-24 17:58:04'),
	(35,4,9,2,'Mie Pedesh Ayam Dewa','P',13500,8000,'Y',NULL,NULL,NULL,NULL,NULL,NULL,'A','admin','2015-02-24 18:24:04','admin','2015-03-01 11:43:52'),
	(36,4,8,2,'Mie Pedesh Ayam Galau','P',12500,7500,'Y',NULL,NULL,NULL,NULL,NULL,NULL,'A','admin','2015-02-24 18:23:13','admin','2015-03-01 11:43:39'),
	(37,4,7,2,'Mie Pedesh Ayam Suwung','P',12500,7500,'Y',NULL,NULL,NULL,NULL,NULL,NULL,'A','admin','2015-02-24 18:22:26','admin','2015-03-01 11:43:30'),
	(38,4,10,2,'Mie Pedesh Seafood Dewa','P',16000,9000,'Y',NULL,NULL,NULL,NULL,NULL,NULL,'A','admin','2015-02-24 18:26:10','admin','2015-03-01 11:44:18'),
	(39,4,4,1,'Paket Ayam Balado','P',17500,10000,'Y',100,NULL,NULL,NULL,NULL,NULL,'D','admin','2015-02-24 18:19:27','admin','2015-02-24 18:19:27'),
	(40,4,3,1,'Paket Cumi Bakar','P',17500,10000,'Y',100,NULL,NULL,NULL,NULL,NULL,'D','admin','2015-02-24 18:18:35','admin','2015-02-24 18:18:35'),
	(41,4,5,14,'Paket Kiddie A','P',19500,8500,'Y',NULL,NULL,NULL,NULL,NULL,NULL,'A','admin','2015-02-24 18:19:58','admin','2015-03-06 07:13:51'),
	(42,4,6,14,'Paket Kiddie B','P',18000,8500,'Y',NULL,NULL,NULL,NULL,NULL,NULL,'A','admin','2015-02-24 18:21:00','admin','2015-03-06 07:13:59'),
	(43,4,12,2,'Mie Pedesh Seafood Galau','P',15000,8000,'Y',NULL,NULL,NULL,NULL,NULL,NULL,'A','admin','2015-02-25 18:45:25','admin','2015-03-01 11:44:12'),
	(44,4,11,2,'Mie Pedesh Seafood Suwung','P',15000,8000,'Y',NULL,NULL,NULL,NULL,NULL,NULL,'A','admin','2015-02-25 18:44:24','admin','2015-03-01 11:44:03'),
	(45,4,15,2,'Mie Pedesh Special Dewa','P',18500,10000,'Y',NULL,NULL,NULL,NULL,NULL,NULL,'A','admin','2015-02-25 18:53:16','admin','2015-02-25 18:53:16'),
	(46,4,14,2,'Mie Pedesh Special Galau','P',17500,10000,'Y',NULL,NULL,NULL,NULL,NULL,NULL,'A','admin','2015-02-25 18:51:43','admin','2015-03-01 11:44:36'),
	(47,4,13,9,'Mie Pedesh Special Suwung','P',17500,10000,'Y',NULL,NULL,NULL,NULL,NULL,NULL,'A','admin','2015-02-25 18:50:17','admin','2015-03-01 11:44:30'),
	(48,4,25,3,'Cumi Asam Manis','P',25000,12500,'Y',NULL,NULL,NULL,NULL,NULL,NULL,'A','admin','2015-02-26 13:51:56','admin','2015-03-01 11:48:17'),
	(49,4,27,3,'Cumi Cabe Kering ','P',25000,12500,'Y',NULL,NULL,NULL,NULL,NULL,NULL,'A','admin','2015-02-26 13:53:41','admin','2015-03-01 11:48:24'),
	(50,4,26,3,'Cumi Lada Hitam','P',25000,12500,'Y',NULL,NULL,NULL,NULL,NULL,NULL,'A','admin','2015-02-26 13:52:59','admin','2015-03-01 11:48:31'),
	(51,4,28,3,'Cumi Mbok Rawit','P',25000,12500,'Y',NULL,NULL,NULL,NULL,NULL,NULL,'A','admin','2015-02-26 13:54:18','admin','2015-03-01 11:48:53'),
	(52,4,29,3,'Cumi Mentega ','P',25000,12500,'Y',NULL,NULL,NULL,NULL,NULL,NULL,'A','admin','2015-02-26 13:54:44','admin','2015-03-01 11:48:58'),
	(53,4,64,5,'Es Teh Manis','P',2500,1000,'Y',NULL,NULL,NULL,NULL,NULL,NULL,'A','admin','2015-02-26 14:30:01','admin','2015-03-01 12:02:37'),
	(54,4,56,4,'French Fries','P',10000,6000,'Y',NULL,NULL,NULL,NULL,NULL,NULL,'A','admin','2015-02-26 14:18:11','admin','2015-03-01 12:00:31'),
	(55,4,30,3,'Gurami Asam Manis ','P',45000,25000,'Y',NULL,NULL,NULL,NULL,NULL,NULL,'A','admin','2015-02-26 13:55:39','admin','2015-03-01 11:49:24'),
	(56,4,31,3,'Gurami Cabe Kering','P',45000,25000,'Y',NULL,NULL,NULL,NULL,NULL,NULL,'A','admin','2015-02-26 13:56:08','admin','2015-03-01 11:49:39'),
	(57,4,32,3,'Gurami Mbok Rawit','P',45000,25000,'Y',NULL,NULL,NULL,NULL,NULL,NULL,'A','admin','2015-02-26 13:56:54','admin','2015-03-01 11:49:44'),
	(58,4,33,3,'Kepiting Asam Manis ','P',80000,45000,'Y',NULL,NULL,NULL,NULL,NULL,NULL,'A','admin','2015-02-26 13:57:56','admin','2015-03-01 11:50:04'),
	(59,4,35,3,'Kepiting Cabe Kering','P',80000,45000,'Y',NULL,NULL,NULL,NULL,NULL,NULL,'A','admin','2015-02-26 13:59:14','admin','2015-03-01 11:50:11'),
	(60,4,34,3,'Kepiting Lada Hitam ','P',80000,45000,'Y',NULL,NULL,NULL,NULL,NULL,NULL,'A','admin','2015-02-26 13:58:42','admin','2015-03-01 11:50:17'),
	(61,4,36,3,'Kepiting Mbok Rawit ','P',80000,45000,'Y',NULL,NULL,NULL,NULL,NULL,NULL,'A','admin','2015-02-26 13:59:59','admin','2015-03-01 11:50:22'),
	(62,4,37,3,'Kepiting Mentega ','P',80000,45000,'Y',NULL,NULL,NULL,NULL,NULL,NULL,'A','admin','2015-02-26 14:00:37','admin','2015-03-01 11:57:17'),
	(63,4,38,3,'Kerang Ijo Asam Manis','P',15000,8000,'Y',NULL,NULL,NULL,NULL,NULL,NULL,'A','admin','2015-02-26 14:02:38','admin','2015-03-01 11:57:49'),
	(64,4,41,3,'Kerang Ijo Cabe Kering ','P',15000,8000,'Y',NULL,NULL,NULL,NULL,NULL,NULL,'A','admin','2015-02-26 14:04:42','admin','2015-03-01 11:57:55'),
	(65,4,39,3,'Kerang Ijo Lada Hitam ','P',15000,8000,'Y',NULL,NULL,NULL,NULL,NULL,NULL,'A','admin','2015-02-26 14:03:20','admin','2015-03-01 11:57:59'),
	(66,4,40,3,'Kerang Ijo Mbok Rawit','P',15000,8000,'Y',NULL,NULL,NULL,NULL,NULL,NULL,'A','admin','2015-02-26 14:03:49','admin','2015-03-01 11:58:03'),
	(67,4,42,3,'Kerang Ijo Mentega ','P',15000,8000,'Y',NULL,NULL,NULL,NULL,NULL,NULL,'A','admin','2015-02-26 14:05:13','admin','2015-03-01 11:58:10'),
	(68,4,18,2,'Mie Tomyum Ayam Dewa','P',17000,10000,'Y',NULL,NULL,NULL,NULL,NULL,NULL,'A','admin','2015-02-26 13:45:37','admin','2015-03-01 11:45:10'),
	(69,4,17,2,'Mie Tomyum Ayam Galau','P',16000,10000,'Y',NULL,NULL,NULL,NULL,NULL,NULL,'A','admin','2015-02-26 13:44:46','admin','2015-03-01 11:45:03'),
	(70,4,16,2,'Mie Tomyum Ayam Suwung','P',16000,10000,'Y',NULL,NULL,NULL,NULL,NULL,NULL,'A','admin','2015-02-26 13:43:27','admin','2015-03-01 11:44:57'),
	(71,4,21,2,'Mie Tomyum Seafood Dewa','P',19000,11000,'Y',NULL,NULL,NULL,NULL,NULL,NULL,'A','admin','2015-02-26 13:47:51','admin','2015-03-01 11:45:42'),
	(72,4,20,2,'Mie Tomyum Seafood Galau','P',18000,10000,'Y',NULL,NULL,NULL,NULL,NULL,NULL,'A','admin','2015-02-26 13:47:13','admin','2015-03-01 11:45:26'),
	(73,4,19,2,'Mie Tomyum Seafood Suwung','P',18000,10000,'Y',NULL,NULL,NULL,NULL,NULL,NULL,'A','admin','2015-02-26 13:46:32','admin','2015-03-01 11:45:18'),
	(74,4,24,2,'Mie Tomyum Special Dewa','P',21000,12000,'Y',NULL,NULL,NULL,NULL,NULL,NULL,'A','admin','2015-02-26 13:50:28','admin','2015-03-01 11:47:14'),
	(75,4,23,2,'Mie Tomyum Special Galau ','P',20000,11000,'Y',NULL,NULL,NULL,NULL,NULL,NULL,'A','admin','2015-02-26 13:49:39','admin','2015-03-01 11:47:00'),
	(76,4,22,2,'Mie Tomyum Special Suwung','P',20000,11000,'Y',NULL,NULL,NULL,NULL,NULL,NULL,'A','admin','2015-02-26 13:49:02','admin','2015-03-01 11:46:41'),
	(77,4,59,4,'Nasi Putih','P',3500,2000,'Y',NULL,NULL,NULL,NULL,NULL,NULL,'A','admin','2015-02-26 14:20:04','admin','2015-03-06 05:59:56'),
	(78,4,60,4,'Onion Ring ','P',7500,4000,'Y',NULL,NULL,NULL,NULL,NULL,NULL,'A','admin','2015-02-26 14:21:07','admin','2015-03-01 12:01:26'),
	(79,4,55,4,'Pisang Bakar ','P',12500,7000,'Y',NULL,NULL,NULL,NULL,NULL,NULL,'A','admin','2015-02-26 14:17:37','admin','2015-03-01 12:00:10'),
	(80,4,54,4,'Pisang Kremes','P',12500,7000,'Y',NULL,NULL,NULL,NULL,NULL,NULL,'A','admin','2015-02-26 14:17:03','admin','2015-03-01 12:00:16'),
	(81,4,57,4,'Singkong Keju','P',12500,7000,'Y',NULL,NULL,NULL,NULL,NULL,NULL,'A','admin','2015-02-26 14:19:02','admin','2015-03-01 12:00:43'),
	(82,4,58,4,'Singkong Mbok Rawit','P',12500,7000,'Y',NULL,NULL,NULL,NULL,NULL,NULL,'A','admin','2015-02-26 14:19:36','admin','2015-03-01 12:00:47'),
	(83,4,43,3,'Srimping Asam Manis','P',17500,10000,'Y',NULL,NULL,NULL,NULL,NULL,NULL,'A','admin','2015-02-26 14:09:20','admin','2015-03-01 11:58:29'),
	(84,4,45,3,'Srimping Cabe Kering ','P',17500,10000,'Y',NULL,NULL,NULL,NULL,NULL,NULL,'A','admin','2015-02-26 14:10:51','admin','2015-03-01 11:58:34'),
	(85,4,44,3,'Srimping Lada Hitam ','P',17500,10000,'Y',NULL,NULL,NULL,NULL,NULL,NULL,'A','admin','2015-02-26 14:09:50','admin','2015-03-01 11:58:38'),
	(86,4,46,3,'Srimping Mbok Rawit','P',17500,10000,'Y',NULL,NULL,NULL,NULL,NULL,NULL,'A','admin','2015-02-26 14:11:16','admin','2015-03-01 11:58:42'),
	(87,4,47,3,'Srimping Mentega','P',17500,10000,'Y',NULL,NULL,NULL,NULL,NULL,NULL,'A','admin','2015-02-26 14:12:30','admin','2015-03-01 11:58:46'),
	(88,4,53,4,'Tahu Mbok Rawit','P',12500,7000,'Y',NULL,NULL,NULL,NULL,NULL,NULL,'A','admin','2015-02-26 14:16:27','admin','2015-03-01 11:59:54'),
	(89,4,63,5,'Teh Manis','P',2000,1000,'Y',NULL,NULL,NULL,NULL,NULL,NULL,'A','admin','2015-02-26 14:27:14','admin','2015-03-01 12:02:46'),
	(90,4,48,3,'Udang Asam Manis','P',25000,12500,'Y',NULL,NULL,NULL,NULL,NULL,NULL,'A','admin','2015-02-26 14:13:48','admin','2015-03-01 11:59:08'),
	(91,4,50,3,'Udang Cabe Kering','P',25000,12500,'Y',NULL,NULL,NULL,NULL,NULL,NULL,'A','admin','2015-02-26 14:14:52','admin','2015-03-01 11:59:12'),
	(92,4,49,3,'Udang Lada Hitam ','P',25000,12500,'Y',NULL,NULL,NULL,NULL,NULL,NULL,'A','admin','2015-02-26 14:14:19','admin','2015-03-01 11:59:17'),
	(93,4,51,3,'Udang Mbok Rawit','P',25000,12500,'Y',NULL,NULL,NULL,NULL,NULL,NULL,'A','admin','2015-02-26 14:15:16','admin','2015-03-01 11:59:21'),
	(94,4,52,3,'Udang Mentega','P',25000,12500,'Y',NULL,NULL,NULL,NULL,NULL,NULL,'A','admin','2015-02-26 14:15:45','admin','2015-03-01 11:59:26'),
	(95,4,62,5,'Wedang Roti ','P',8000,5000,'Y',NULL,NULL,NULL,NULL,NULL,NULL,'A','admin','2015-02-26 14:22:39','admin','2015-03-01 12:01:45'),
	(96,4,61,5,'Wedang Seger','P',8000,5000,'Y',NULL,NULL,NULL,NULL,NULL,NULL,'A','admin','2015-02-26 14:22:10','admin','2015-03-01 12:01:58'),
	(97,4,125,8,'Angel Kiss Hot','P',10000,5000,'Y',NULL,NULL,NULL,NULL,NULL,NULL,'A','admin','2015-03-01 10:49:41','admin','2015-03-01 10:49:41'),
	(98,4,124,8,'Angel Kiss King Size','P',11000,5500,'Y',NULL,NULL,NULL,NULL,NULL,NULL,'A','admin','2015-03-01 10:48:34','admin','2015-03-01 10:48:34'),
	(99,4,123,8,'Angel Kiss Regular','P',7500,4500,'Y',NULL,NULL,NULL,NULL,NULL,NULL,'A','admin','2015-03-01 10:47:44','admin','2015-03-01 10:47:44'),
	(100,4,113,8,'BBM (Banana Berry Milk) Hot','P',11000,5500,'Y',NULL,NULL,NULL,NULL,NULL,NULL,'A','admin','2015-03-01 10:36:22','admin','2015-03-01 10:36:22'),
	(101,4,112,8,'BBM (Banana Berry Milk) King Size','P',12000,6500,'Y',NULL,NULL,NULL,NULL,NULL,NULL,'A','admin','2015-03-01 10:34:56','admin','2015-03-01 10:34:56'),
	(102,4,111,8,'BBM (Banana Berry Milk) Regular','P',8000,4500,'Y',NULL,NULL,NULL,NULL,NULL,NULL,'A','admin','2015-03-01 06:17:18','admin','2015-03-01 06:17:18'),
	(103,4,101,6,'Beef Grill Mbok Rawit','P',55000,32000,'Y',NULL,NULL,NULL,NULL,NULL,NULL,'A','admin','2015-03-01 06:07:21','admin','2015-03-01 06:07:21'),
	(104,4,102,6,'Beef Steak Mbok Rawit','P',55000,32000,'Y',NULL,NULL,NULL,NULL,NULL,NULL,'A','admin','2015-03-01 06:07:56','admin','2015-03-01 06:07:56'),
	(105,4,140,8,'Berry Blast Hot ','P',10000,5000,'Y',NULL,NULL,NULL,NULL,NULL,NULL,'A','admin','2015-03-01 11:04:38','admin','2015-03-01 11:04:38'),
	(106,4,139,8,'Berry Blast King Size','P',11000,5500,'Y',NULL,NULL,NULL,NULL,NULL,NULL,'A','admin','2015-03-01 11:04:05','admin','2015-03-01 11:04:05'),
	(107,4,138,8,'Berry Blast Regular','P',7500,4500,'Y',NULL,NULL,NULL,NULL,NULL,NULL,'A','admin','2015-03-01 11:03:36','admin','2015-03-01 11:03:36'),
	(108,4,109,7,'Big Burger Mbok Rawit','P',14000,7500,'Y',NULL,NULL,NULL,NULL,NULL,NULL,'A','admin','2015-03-01 06:14:22','admin','2015-03-01 06:14:22'),
	(109,4,128,8,'Blue Dragon Hot','P',10000,5000,'Y',NULL,NULL,NULL,NULL,NULL,NULL,'A','admin','2015-03-01 10:56:45','admin','2015-03-01 10:56:45'),
	(110,4,127,8,'Blue Dragon King Size','P',11000,5500,'Y',NULL,NULL,NULL,NULL,NULL,NULL,'A','admin','2015-03-01 10:51:04','admin','2015-03-01 10:51:04'),
	(111,4,126,8,'Blue Dragon Regular','P',7500,4500,'Y',NULL,NULL,NULL,NULL,NULL,NULL,'A','admin','2015-03-01 10:50:33','admin','2015-03-01 10:50:33'),
	(112,4,156,8,'Cappuccino Hot','P',11000,5500,'Y',NULL,NULL,NULL,NULL,NULL,NULL,'A','admin','2015-03-01 11:40:19','admin','2015-03-01 11:40:19'),
	(113,4,155,8,'Cappuccino King Size','P',12000,6500,'Y',NULL,NULL,NULL,NULL,NULL,NULL,'A','admin','2015-03-01 11:39:59','admin','2015-03-01 11:39:59'),
	(114,4,154,8,'Cappuccino Regular','P',8000,4500,'Y',NULL,NULL,NULL,NULL,NULL,NULL,'A','admin','2015-03-01 11:39:03','admin','2015-03-01 11:39:24'),
	(115,4,108,7,'Chicken Cordon Bleu','P',16000,8500,'Y',NULL,NULL,NULL,NULL,NULL,NULL,'A','admin','2015-03-01 06:13:36','admin','2015-03-01 06:13:36'),
	(116,4,103,6,'Chicken Steak Mbok Rawit','P',35000,17500,'Y',NULL,NULL,NULL,NULL,NULL,NULL,'A','admin','2015-03-01 06:08:54','admin','2015-03-01 06:08:54'),
	(117,4,146,9,'Chocoberry Hot','P',10000,5000,'Y',NULL,NULL,NULL,NULL,NULL,NULL,'A','admin','2015-03-01 11:30:43','admin','2015-03-01 11:30:43'),
	(118,4,145,8,'Chocoberry King Size','P',11000,5500,'Y',NULL,NULL,NULL,NULL,NULL,NULL,'A','admin','2015-03-01 11:30:12','admin','2015-03-01 11:30:12'),
	(119,4,149,8,'Chocoberry Nut Hot','P',11000,5500,'Y',NULL,NULL,NULL,NULL,NULL,NULL,'A','admin','2015-03-01 11:34:11','admin','2015-03-01 11:34:11'),
	(120,4,148,8,'Chocoberry Nut King Size','P',12000,6500,'Y',NULL,NULL,NULL,NULL,NULL,NULL,'A','admin','2015-03-01 11:33:35','admin','2015-03-01 11:33:35'),
	(121,4,147,8,'Chocoberry Nut Regular','P',8000,4500,'Y',NULL,NULL,NULL,NULL,NULL,NULL,'A','admin','2015-03-01 11:32:51','admin','2015-03-01 11:32:51'),
	(122,4,144,8,'Chocoberry Regular','P',7500,4500,'Y',NULL,NULL,NULL,NULL,NULL,NULL,'A','admin','2015-03-01 11:29:19','admin','2015-03-01 11:29:19'),
	(123,4,116,8,'Cocoa Milk Hot','P',11000,5500,'Y',NULL,NULL,NULL,NULL,NULL,NULL,'A','admin','2015-03-01 10:40:02','admin','2015-03-01 10:40:02'),
	(124,4,115,8,'Cocoa Milk King Size','P',12000,6500,'Y',NULL,NULL,NULL,NULL,NULL,NULL,'A','admin','2015-03-01 10:38:20','admin','2015-03-01 10:38:20'),
	(125,4,114,8,'Cocoa Milk Regular','P',8000,4500,'Y',NULL,NULL,NULL,NULL,NULL,NULL,'A','admin','2015-03-01 10:37:17','admin','2015-03-01 10:37:17'),
	(126,4,105,7,'Crispy Calamary Ring','P',14500,8000,'Y',NULL,NULL,NULL,NULL,NULL,NULL,'A','admin','2015-03-01 06:11:15','admin','2015-03-01 06:11:15'),
	(127,4,73,5,'Es Jeruk','P',4500,2000,'Y',NULL,NULL,NULL,NULL,NULL,NULL,'A','admin','2015-03-01 05:43:11','admin','2015-03-01 05:43:11'),
	(128,4,74,5,'Es Jeruk Jumbo','P',5500,2000,'Y',NULL,NULL,NULL,NULL,NULL,NULL,'A','admin','2015-03-01 05:43:45','admin','2015-03-01 05:43:45'),
	(129,4,68,5,'Es Lemon Tea ','P',4500,2000,'Y',NULL,NULL,NULL,NULL,NULL,NULL,'A','admin','2015-03-01 05:39:16','admin','2015-03-01 05:39:16'),
	(130,4,70,5,'Es Lemon Tea Jumbo','P',5500,2000,'Y',NULL,NULL,NULL,NULL,NULL,NULL,'A','admin','2015-03-01 05:40:45','admin','2015-03-01 05:40:45'),
	(131,4,66,5,'Es Teh Manis Jumbo','P',3500,1000,'Y',NULL,NULL,NULL,NULL,NULL,NULL,'A','admin','2015-03-01 05:37:09','admin','2015-03-01 05:37:09'),
	(132,4,107,7,'Fish & Chip ','P',16000,8500,'Y',NULL,NULL,NULL,NULL,NULL,NULL,'A','admin','2015-03-01 06:13:02','admin','2015-03-01 06:13:02'),
	(133,4,104,7,'Fruit Salad','P',8500,4000,'Y',NULL,NULL,NULL,NULL,NULL,NULL,'A','admin','2015-03-01 06:09:46','admin','2015-03-01 06:09:46'),
	(134,4,86,9,'Hot Cappuccino','P',6000,2000,'Y',NULL,NULL,NULL,NULL,NULL,NULL,'A','admin','2015-03-01 05:56:17','admin','2015-03-01 05:56:17'),
	(135,4,87,9,'Hot Chocolate','P',6000,2000,'Y',NULL,NULL,NULL,NULL,NULL,NULL,'A','admin','2015-03-01 05:56:42','admin','2015-03-01 05:56:42'),
	(136,4,84,9,'Hot Mocca','P',5000,2000,'Y',NULL,NULL,NULL,NULL,NULL,NULL,'A','admin','2015-03-01 05:55:02','admin','2015-03-01 05:55:02'),
	(137,4,83,9,'Hot Vanilla Latte','P',5000,2000,'Y',NULL,NULL,NULL,NULL,NULL,NULL,'A','admin','2015-03-01 05:54:31','admin','2015-03-01 05:54:31'),
	(138,4,85,9,'Hot White Coffee','P',5000,2000,'Y',NULL,NULL,NULL,NULL,NULL,NULL,'A','admin','2015-03-01 05:55:45','admin','2015-03-01 05:55:45'),
	(139,4,91,9,'Iced Cappuccino','P',7000,2000,'Y',NULL,NULL,NULL,NULL,NULL,NULL,'A','admin','2015-03-01 05:59:40','admin','2015-03-01 05:59:40'),
	(140,4,93,9,'Iced Chocolate','P',7000,2000,'Y',NULL,NULL,NULL,NULL,NULL,NULL,'A','admin','2015-03-01 06:00:47','admin','2015-03-01 06:00:47'),
	(141,4,89,9,'Iced Mocca','P',6000,2000,'Y',NULL,NULL,NULL,NULL,NULL,NULL,'A','admin','2015-03-01 05:58:18','admin','2015-03-01 05:58:18'),
	(142,4,92,9,'Iced Vanilla','P',7000,2000,'Y',NULL,NULL,NULL,NULL,NULL,NULL,'A','admin','2015-03-01 06:00:23','admin','2015-03-01 06:00:23'),
	(143,4,88,9,'Iced Vanilla Latte','P',6000,2000,'Y',NULL,NULL,NULL,NULL,NULL,NULL,'A','admin','2015-03-01 05:57:40','admin','2015-03-01 05:57:40'),
	(144,4,90,9,'Iced White Coffee','P',6000,2000,'Y',NULL,NULL,NULL,NULL,NULL,NULL,'A','admin','2015-03-01 05:59:00','admin','2015-03-01 05:59:00'),
	(145,4,98,6,'Iga Bakar Mbok Rawit','P',55000,32000,'Y',NULL,NULL,NULL,NULL,NULL,NULL,'A','admin','2015-03-01 06:05:04','admin','2015-03-01 06:05:04'),
	(146,4,99,6,'Iga Barbeque Mbok Rawit','P',55000,32000,'Y',NULL,NULL,NULL,NULL,NULL,NULL,'A','admin','2015-03-01 06:05:54','admin','2015-03-01 06:05:54'),
	(147,4,71,5,'Jeruk Anget','P',4000,2000,'Y',NULL,NULL,NULL,NULL,NULL,NULL,'A','admin','2015-03-01 05:41:57','admin','2015-03-01 05:41:57'),
	(148,4,72,5,'Jeruk Anget Jumbo','P',5000,2000,'Y',NULL,NULL,NULL,NULL,NULL,NULL,'A','admin','2015-03-01 05:42:41','admin','2015-03-01 05:42:41'),
	(149,4,76,5,'Juice Avocado','P',8000,4000,'Y',NULL,NULL,NULL,NULL,NULL,NULL,'A','admin','2015-03-01 05:47:54','admin','2015-03-01 05:47:54'),
	(150,4,78,5,'Juice Lime RtD','P',10000,5000,'Y',NULL,NULL,NULL,NULL,NULL,NULL,'A','admin','2015-03-01 05:50:18','admin','2015-03-01 05:50:18'),
	(151,4,81,5,'Juice Mango RtD','P',10000,5000,'Y',NULL,NULL,NULL,NULL,NULL,NULL,'A','admin','2015-03-01 05:52:28','admin','2015-03-01 05:52:28'),
	(152,4,82,5,'Juice Nanas RtD','P',10000,5000,'Y',NULL,NULL,NULL,NULL,NULL,NULL,'A','admin','2015-03-01 05:53:03','admin','2015-03-01 05:53:03'),
	(153,4,80,5,'Juice Orange RtD','P',10000,5000,'Y',NULL,NULL,NULL,NULL,NULL,NULL,'A','admin','2015-03-01 05:51:59','admin','2015-03-01 05:51:59'),
	(154,4,79,5,'Juice Sirsat RtD','P',10000,5000,'Y',NULL,NULL,NULL,NULL,NULL,NULL,'A','admin','2015-03-01 05:51:15','admin','2015-03-01 05:51:15'),
	(155,4,75,5,'Juice Strawberry','P',8000,4000,'Y',NULL,NULL,NULL,NULL,NULL,NULL,'A','admin','2015-03-01 05:47:23','admin','2015-03-01 05:47:23'),
	(156,4,77,5,'Juice Tomato','P',8000,4000,'Y',NULL,NULL,NULL,NULL,NULL,NULL,'A','admin','2015-03-01 05:48:23','admin','2015-03-01 05:48:23'),
	(157,4,67,5,'Lemon Tea Anget','P',4000,2000,'Y',NULL,NULL,NULL,NULL,NULL,NULL,'A','admin','2015-03-01 05:38:28','admin','2015-03-01 05:38:28'),
	(158,4,69,5,'Lemon Tea Jumbo','P',5000,2000,'Y',NULL,NULL,NULL,NULL,NULL,NULL,'A','admin','2015-03-01 05:40:11','admin','2015-03-01 05:40:11'),
	(159,4,132,8,'Lychee Cooler','P',7500,4500,'Y',NULL,NULL,NULL,NULL,NULL,NULL,'A','admin','2015-03-01 10:59:56','admin','2015-03-01 10:59:56'),
	(160,4,134,8,'Lychee Cooler Hot','P',10000,5000,'Y',NULL,NULL,NULL,NULL,NULL,NULL,'A','admin','2015-03-01 11:01:03','admin','2015-03-01 11:01:03'),
	(161,4,133,8,'Lychee Cooler King Size','P',11000,5500,'Y',NULL,NULL,NULL,NULL,NULL,NULL,'A','admin','2015-03-01 11:00:40','admin','2015-03-01 11:00:40'),
	(162,4,153,8,'Milko (Milky Oreo) Hot','P',11000,5500,'Y',NULL,NULL,NULL,NULL,NULL,NULL,'A','admin','2015-03-01 11:38:36','admin','2015-03-01 11:38:36'),
	(163,4,152,8,'Milko (Milky Oreo) King Size','P',12000,6500,'Y',NULL,NULL,NULL,NULL,NULL,NULL,'A','admin','2015-03-01 11:37:56','admin','2015-03-01 11:37:56'),
	(164,4,150,8,'Milko (Milky Oreo) Regular','P',8000,4500,'Y',NULL,NULL,NULL,NULL,NULL,NULL,'A','admin','2015-03-01 11:35:02','admin','2015-03-01 11:35:58'),
	(165,4,96,5,'Milkshake Blueberry','P',12000,5000,'Y',NULL,NULL,NULL,NULL,NULL,NULL,'A','admin','2015-03-01 06:02:33','admin','2015-03-01 06:02:33'),
	(166,4,95,5,'Milkshake Chocolate','P',12000,5000,'Y',NULL,NULL,NULL,NULL,NULL,NULL,'A','admin','2015-03-01 06:01:47','admin','2015-03-01 06:01:47'),
	(167,4,94,5,'Milkshake Strawberry','P',12000,5000,'Y',NULL,NULL,NULL,NULL,NULL,NULL,'A','admin','2015-03-01 06:01:15','admin','2015-03-01 06:01:15'),
	(168,4,97,5,'Milkshake Vanilla','P',12000,5000,'Y',NULL,NULL,NULL,NULL,NULL,NULL,'A','admin','2015-03-01 06:02:51','admin','2015-03-01 06:02:51'),
	(169,4,151,8,'Milky (Milky Oreo) King Size','P',12000,6500,'Y',NULL,NULL,NULL,NULL,NULL,NULL,'A','admin','2015-03-01 11:35:34','admin','2015-03-01 11:35:34'),
	(170,4,143,8,'MLT (Milk Lychee Tea) Hot','P',11000,5500,'Y',NULL,NULL,NULL,NULL,NULL,NULL,'A','admin','2015-03-01 11:28:00','admin','2015-03-01 11:28:00'),
	(171,4,142,8,'MLT (Milk Lychee Tea) King Size','P',12000,6500,'Y',NULL,NULL,NULL,NULL,NULL,NULL,'A','admin','2015-03-01 11:08:42','admin','2015-03-01 11:09:02'),
	(172,4,141,8,'MLT (Milk Lychee Tea) Regular','P',8000,4500,'Y',NULL,NULL,NULL,NULL,NULL,NULL,'A','admin','2015-03-01 11:05:37','admin','2015-03-01 11:07:25'),
	(173,4,100,6,'Pindang Iga Mbok Rawit','P',55000,32000,'Y',NULL,NULL,NULL,NULL,NULL,NULL,'A','admin','2015-03-01 06:06:37','admin','2015-03-01 06:06:37'),
	(174,4,137,8,'S-Moc Hot','P',10000,5000,'Y',NULL,NULL,NULL,NULL,NULL,NULL,'A','admin','2015-03-01 11:03:07','admin','2015-03-01 11:03:07'),
	(175,4,136,8,'S-Moc King Size','P',11000,5500,'Y',NULL,NULL,NULL,NULL,NULL,NULL,'A','admin','2015-03-01 11:02:36','admin','2015-03-01 11:02:36'),
	(176,4,135,8,'S-Moc Regular','P',7500,4500,'Y',NULL,NULL,NULL,NULL,NULL,NULL,'A','admin','2015-03-01 11:01:55','admin','2015-03-01 11:01:55'),
	(177,4,106,7,'Seafood Basket','P',14500,8000,'Y',NULL,NULL,NULL,NULL,NULL,NULL,'A','admin','2015-03-01 06:11:47','admin','2015-03-01 06:11:47'),
	(178,4,110,7,'Spaghetti Carbonara','P',14000,7500,'Y',NULL,NULL,NULL,NULL,NULL,NULL,'A','admin','2015-03-01 06:14:58','admin','2015-03-01 06:14:58'),
	(179,4,131,8,'Strada Hot','P',10000,5000,'Y',NULL,NULL,NULL,NULL,NULL,NULL,'A','admin','2015-03-01 10:59:03','admin','2015-03-01 10:59:03'),
	(180,4,130,8,'Strada King Size','P',11000,5500,'Y',NULL,NULL,NULL,NULL,NULL,NULL,'A','admin','2015-03-01 10:58:28','admin','2015-03-01 10:58:28'),
	(181,4,129,8,'Strada Regular','P',7500,4500,'Y',NULL,NULL,NULL,NULL,NULL,NULL,'A','admin','2015-03-01 10:57:32','admin','2015-03-01 10:57:32'),
	(182,4,119,8,'Strawberry Wakwaw Hot','P',10000,5000,'Y',NULL,NULL,NULL,NULL,NULL,NULL,'A','admin','2015-03-01 10:43:51','admin','2015-03-01 10:43:51'),
	(183,4,118,8,'Strawberry Wakwaw King Size','P',11000,5500,'Y',NULL,NULL,NULL,NULL,NULL,NULL,'A','admin','2015-03-01 10:42:48','admin','2015-03-01 10:42:48'),
	(184,4,117,8,'Strawberry Wakwaw Regular','P',7500,4500,'Y',NULL,NULL,NULL,NULL,NULL,NULL,'A','admin','2015-03-01 10:42:08','admin','2015-03-01 10:42:08'),
	(185,4,65,5,'Teh Manis Jumbo','P',3000,1000,'Y',NULL,NULL,NULL,NULL,NULL,NULL,'A','admin','2015-03-01 05:35:32','admin','2015-03-01 05:35:32'),
	(186,4,122,8,'Vanilla Grape Sensation Hot','P',10000,5000,'Y',NULL,NULL,NULL,NULL,NULL,NULL,'A','admin','2015-03-01 10:46:49','admin','2015-03-01 10:46:49'),
	(187,4,121,8,'Vanilla Grape Sensation King Size','P',11000,5500,'Y',NULL,NULL,NULL,NULL,NULL,NULL,'A','admin','2015-03-01 10:46:11','admin','2015-03-01 10:46:11'),
	(188,4,120,8,'Vanilla Grape Sensation Regular','P',7500,4500,'Y',NULL,NULL,NULL,NULL,NULL,NULL,'A','admin','2015-03-01 10:44:50','admin','2015-03-01 10:44:50'),
	(189,4,179,12,'Baby Buncis Garlic','P',15000,NULL,'Y',NULL,NULL,NULL,NULL,NULL,NULL,'A','admin','2015-03-05 13:58:39','admin','2015-03-05 13:58:39'),
	(190,4,181,12,'Baby Buncis Mbok Rawit','P',15000,NULL,'Y',NULL,NULL,NULL,NULL,NULL,NULL,'A','admin','2015-03-05 13:59:26','admin','2015-03-05 13:59:26'),
	(191,4,180,12,'Baby Buncis Oyster','P',15000,NULL,'Y',NULL,NULL,NULL,NULL,NULL,NULL,'A','admin','2015-03-05 13:59:02','admin','2015-03-05 13:59:02'),
	(192,4,172,12,'Baby Buncis Tauco','P',15000,NULL,'Y',NULL,NULL,NULL,NULL,NULL,NULL,'A','admin','2015-03-05 13:51:18','admin','2015-03-05 13:59:44'),
	(193,4,171,12,'Baby Kaylan Garlic','P',15000,NULL,'Y',NULL,NULL,NULL,NULL,NULL,NULL,'A','admin','2015-03-05 13:49:55','admin','2015-03-05 13:55:25'),
	(194,4,177,12,'Baby Kaylan Mbok Rawit','P',15000,NULL,'Y',NULL,NULL,NULL,NULL,NULL,NULL,'A','admin','2015-03-05 13:57:16','admin','2015-03-05 13:57:16'),
	(195,4,176,12,'Baby Kaylan Oyster','P',15000,NULL,'Y',NULL,NULL,NULL,NULL,NULL,NULL,'A','admin','2015-03-05 13:56:23','admin','2015-03-05 13:56:48'),
	(196,4,178,12,'Baby Kaylan Tauco','P',15000,NULL,'Y',NULL,NULL,NULL,NULL,NULL,NULL,'A','admin','2015-03-05 13:57:48','admin','2015-03-05 13:58:02'),
	(197,4,184,9,'Banana Coffee','P',12500,4000,'Y',NULL,NULL,NULL,NULL,NULL,NULL,'A','admin','2015-03-05 14:03:20','admin','2015-03-05 14:04:09'),
	(198,4,164,10,'Beef Blackpepper','P',38000,NULL,'Y',NULL,NULL,NULL,NULL,NULL,NULL,'A','admin','2015-03-05 13:42:58','admin','2015-03-05 13:42:58'),
	(199,4,165,10,'Beef Mbok Rawit','P',38000,NULL,'Y',NULL,NULL,NULL,NULL,NULL,NULL,'A','admin','2015-03-05 13:43:21','admin','2015-03-05 13:43:21'),
	(200,4,163,10,'Beef X.O.','P',38000,NULL,'Y',NULL,NULL,NULL,NULL,NULL,NULL,'A','admin','2015-03-05 13:42:08','admin','2015-03-05 13:42:08'),
	(201,4,170,12,'Brokoli Garlic','P',15000,6500,'Y',NULL,NULL,NULL,NULL,NULL,NULL,'A','admin','2015-03-05 13:47:14','admin','2015-03-05 13:53:00'),
	(202,4,174,12,'Brokoli Mbok Rawit','P',15000,6500,'Y',NULL,NULL,NULL,NULL,NULL,NULL,'A','admin','2015-03-05 13:54:19','admin','2015-03-05 13:54:19'),
	(203,4,173,12,'Brokoli Oyster','P',15000,6500,'Y',NULL,NULL,NULL,NULL,NULL,NULL,'A','admin','2015-03-05 13:53:29','admin','2015-03-05 13:53:40'),
	(204,4,175,12,'Brokoli Tauco','P',15000,6500,'Y',NULL,NULL,NULL,NULL,NULL,NULL,'A','admin','2015-03-05 13:54:42','admin','2015-03-05 13:54:42'),
	(205,4,162,10,'Chicken Asam Manis','P',22500,NULL,'Y',NULL,NULL,NULL,NULL,NULL,NULL,'A','admin','2015-03-05 13:41:39','admin','2015-03-05 13:41:39'),
	(206,4,161,10,'Chicken Balado','P',22500,NULL,'Y',NULL,NULL,NULL,NULL,NULL,NULL,'A','admin','2015-03-05 13:41:12','admin','2015-03-05 13:41:12'),
	(207,4,159,10,'Chicken Blackpepper','P',20000,NULL,'Y',NULL,NULL,NULL,NULL,NULL,NULL,'A','admin','2015-03-05 13:40:03','admin','2015-03-05 13:40:03'),
	(208,4,157,10,'Chicken Kungpou','P',20000,NULL,'Y',NULL,NULL,NULL,NULL,NULL,NULL,'A','admin','2015-03-05 13:38:59','admin','2015-03-05 13:38:59'),
	(209,4,160,10,'Chicken Mbok Rawit','P',22500,NULL,'Y',NULL,NULL,NULL,NULL,NULL,NULL,'A','admin','2015-03-05 13:40:38','admin','2015-03-05 13:40:38'),
	(210,4,158,10,'Chicken X.O.','P',20000,NULL,'Y',NULL,NULL,NULL,NULL,NULL,NULL,'A','admin','2015-03-05 13:39:29','admin','2015-03-05 13:39:29'),
	(211,4,202,13,'Choco Banana Milk King Size','P',15000,7000,'Y',NULL,NULL,NULL,NULL,NULL,NULL,'A','admin','2015-03-05 14:29:22','admin','2015-03-05 14:29:22'),
	(212,4,201,13,'Choco Banana Milk Regular','P',10000,6000,'Y',NULL,NULL,NULL,NULL,NULL,NULL,'A','admin','2015-03-05 14:28:12','admin','2015-03-05 14:28:12'),
	(213,4,185,9,'Choco Coffee','P',12500,4000,'Y',NULL,NULL,NULL,NULL,NULL,NULL,'A','admin','2015-03-05 14:04:31','admin','2015-03-05 14:04:31'),
	(214,4,194,13,'Deep Cherry Blue','P',12500,5000,'Y',NULL,NULL,NULL,NULL,NULL,NULL,'A','admin','2015-03-05 14:18:18','admin','2015-03-05 14:18:18'),
	(215,4,188,9,'Hot Berry Coffee','P',8500,3000,'Y',NULL,NULL,NULL,NULL,NULL,NULL,'A','admin','2015-03-05 14:07:58','admin','2015-03-05 14:07:58'),
	(216,4,189,9,'Hot BlackBerry Coffee','P',8500,3000,'Y',NULL,NULL,NULL,NULL,NULL,NULL,'A','admin','2015-03-05 14:08:20','admin','2015-03-05 14:09:19'),
	(217,4,190,9,'Hot Coffee With Tea','P',8500,3000,'Y',NULL,NULL,NULL,NULL,NULL,NULL,'A','admin','2015-03-05 14:08:56','admin','2015-03-05 14:08:56'),
	(218,4,191,9,'Hot Creamy Coffee','P',8500,3000,'Y',NULL,NULL,NULL,NULL,NULL,NULL,'A','admin','2015-03-05 14:10:12','admin','2015-03-05 14:10:12'),
	(219,4,196,13,'Joyfull Of Love','P',12500,5000,'Y',NULL,NULL,NULL,NULL,NULL,NULL,'A','admin','2015-03-05 14:19:20','admin','2015-03-05 14:19:20'),
	(220,4,183,12,'Kacang Panjang Tauco','P',10000,4000,'Y',NULL,NULL,NULL,NULL,NULL,NULL,'A','admin','2015-03-05 14:01:21','admin','2015-03-05 14:01:21'),
	(221,4,182,12,'Karedok','P',10000,4000,'Y',NULL,NULL,NULL,NULL,NULL,NULL,'A','admin','2015-03-05 14:00:28','admin','2015-03-05 14:00:28'),
	(222,4,195,13,'Lime Squash','P',12500,5000,'Y',NULL,NULL,NULL,NULL,NULL,NULL,'A','admin','2015-03-05 14:18:41','admin','2015-03-05 14:18:41'),
	(223,4,187,9,'Moccacino Coffee','P',12500,4000,'Y',NULL,NULL,NULL,NULL,NULL,NULL,'A','admin','2015-03-05 14:05:17','admin','2015-03-05 14:05:17'),
	(224,4,200,13,'Orange Bawah Sadar King Size','P',15000,7000,'Y',NULL,NULL,NULL,NULL,NULL,NULL,'A','admin','2015-03-05 14:27:29','admin','2015-03-05 14:27:29'),
	(225,4,199,13,'Orange Bawah Sadar Regular','P',10000,6000,'Y',NULL,NULL,NULL,NULL,NULL,NULL,'A','admin','2015-03-05 14:26:45','admin','2015-03-05 14:26:45'),
	(226,4,186,9,'Orange Coffee','P',12500,4000,'Y',NULL,NULL,NULL,NULL,NULL,NULL,'A','admin','2015-03-05 14:04:50','admin','2015-03-05 14:04:50'),
	(227,4,169,12,'Sawi Putih Goreng Telur','P',15000,5000,'Y',NULL,NULL,NULL,NULL,NULL,NULL,'A','admin','2015-03-05 13:45:54','admin','2015-03-05 13:48:03'),
	(228,4,193,13,'Sorrow Of Love','P',12500,5000,'Y',NULL,NULL,NULL,NULL,NULL,NULL,'A','admin','2015-03-05 14:17:42','admin','2015-03-05 14:17:42'),
	(229,4,192,13,'Sweet-sweet ','P',12500,5000,'Y',NULL,NULL,NULL,NULL,NULL,NULL,'A','admin','2015-03-05 14:12:10','admin','2015-03-05 14:17:17'),
	(230,4,168,10,'Udang Bakar','P',25000,NULL,'Y',NULL,NULL,NULL,NULL,NULL,NULL,'A','admin','2015-03-05 13:45:03','admin','2015-03-05 13:45:03'),
	(231,4,167,10,'Udang Pedas Telur Asin','P',30000,NULL,'Y',NULL,NULL,NULL,NULL,NULL,NULL,'A','admin','2015-03-05 13:44:44','admin','2015-03-05 13:44:44'),
	(232,4,166,10,'Udang X.O.','P',30000,NULL,'Y',NULL,NULL,NULL,NULL,NULL,NULL,'A','admin','2015-03-05 13:43:54','admin','2015-03-05 13:43:54'),
	(233,4,198,13,'Vanilla Pinky King Size','P',15000,7000,'Y',NULL,NULL,NULL,NULL,NULL,NULL,'A','admin','2015-03-05 14:26:03','admin','2015-03-05 14:26:03'),
	(234,4,197,13,'Vanilla Pinky Regular','P',10000,6000,'Y',NULL,NULL,NULL,NULL,NULL,NULL,'A','admin','2015-03-05 14:22:26','admin','2015-03-05 14:24:42'),
	(235,4,203,14,'Nasi Goreng Hokian','P',20000,8000,'Y',NULL,NULL,NULL,NULL,NULL,NULL,'A','admin','2015-03-06 06:02:51','admin','2015-03-06 06:02:51'),
	(236,4,204,14,'Nasi Goreng Mbok Rawit','P',25000,11500,'Y',NULL,NULL,NULL,NULL,NULL,NULL,'A','admin','2015-03-06 06:03:26','admin','2015-03-06 06:04:25'),
	(237,4,205,14,'Nasi Goreng Seafood','P',18000,5000,'Y',NULL,NULL,NULL,NULL,NULL,NULL,'A','admin','2015-03-06 07:05:46','admin','2015-03-06 07:05:46'),
	(238,4,206,5,'Air Mineral','P',1000,500,'Y',NULL,NULL,NULL,NULL,NULL,NULL,'A','admin','2015-03-06 07:12:41','admin','2015-03-06 07:12:41'),
	(239,4,212,5,'Air Mineral Prima','P',2500,1300,'Y',NULL,NULL,NULL,NULL,NULL,NULL,'A','admin','2015-03-06 07:20:32','admin','2015-03-06 07:20:59'),
	(240,4,210,15,'Camilan','P',2000,1500,'Y',NULL,NULL,NULL,NULL,NULL,NULL,'A','admin','2015-03-06 07:18:04','admin','2015-03-06 07:18:04'),
	(241,4,209,15,'Coklat Lolypop','P',3000,2500,'Y',NULL,NULL,NULL,NULL,NULL,NULL,'A','admin','2015-03-06 07:17:31','admin','2015-03-06 07:17:31'),
	(242,4,219,16,'GG Mild ','P',11600,10850,'Y',NULL,NULL,NULL,NULL,NULL,NULL,'A','admin','2015-03-06 07:44:29','admin','2015-03-06 07:44:29'),
	(243,4,220,16,'GG Shiver','P',11600,10850,'Y',NULL,NULL,NULL,NULL,NULL,NULL,'A','admin','2015-03-06 07:45:22','admin','2015-03-06 07:45:22'),
	(244,4,214,16,'Gudang Garam International','P',12400,11400,'Y',NULL,NULL,NULL,NULL,NULL,NULL,'A','admin','2015-03-06 07:22:43','admin','2015-03-06 07:37:44'),
	(245,4,215,16,'Gudang Garam Signature','P',11500,10550,'Y',NULL,NULL,NULL,NULL,NULL,NULL,'A','admin','2015-03-06 07:39:21','admin','2015-03-06 07:39:21'),
	(246,4,211,15,'Kacang Telor','P',1500,1000,'Y',NULL,NULL,NULL,NULL,NULL,NULL,'A','admin','2015-03-06 07:18:47','admin','2015-03-06 07:18:47'),
	(247,4,207,15,'Kerupuk Panjang','P',2000,1500,'Y',NULL,NULL,NULL,NULL,NULL,NULL,'A','admin','2015-03-06 07:16:47','admin','2015-03-06 07:16:47'),
	(248,4,226,9,'Kopi Hitam','P',5000,2000,'Y',NULL,NULL,NULL,NULL,NULL,NULL,'A','admin','2015-03-06 08:03:30','admin','2015-03-06 08:03:30'),
	(249,4,229,4,'Mendoan','P',7500,2500,'Y',NULL,NULL,NULL,NULL,NULL,NULL,'A','admin','2015-03-06 08:07:08','admin','2015-03-06 08:07:08'),
	(250,4,213,15,'Mete ','P',5000,4000,'Y',NULL,NULL,NULL,NULL,NULL,NULL,'A','admin','2015-03-06 07:21:23','admin','2015-03-06 07:21:23'),
	(251,4,222,14,'Nasi Telur','P',6000,3000,'Y',NULL,NULL,NULL,NULL,NULL,NULL,'A','admin','2015-03-06 07:54:04','admin','2015-03-06 07:54:04'),
	(252,4,208,15,'Pangsit','P',2000,1500,'Y',NULL,NULL,NULL,NULL,NULL,NULL,'A','admin','2015-03-06 07:17:04','admin','2015-03-06 07:17:04'),
	(253,4,227,5,'Soda Gembira','P',8000,3000,'Y',NULL,NULL,NULL,NULL,NULL,NULL,'A','admin','2015-03-06 08:05:52','admin','2015-03-06 08:05:52'),
	(254,4,216,16,'Surya Exclusive 12','P',12400,11350,'Y',NULL,NULL,NULL,NULL,NULL,NULL,'A','admin','2015-03-06 07:40:47','admin','2015-03-06 07:40:47'),
	(255,4,217,16,'Surya Exclusive 16','P',16400,15400,'Y',NULL,NULL,NULL,NULL,NULL,NULL,'A','admin','2015-03-06 07:41:42','admin','2015-03-06 07:41:42'),
	(256,4,221,16,'Surya Profesional (Merah)','P',14200,13150,'Y',NULL,NULL,NULL,NULL,NULL,NULL,'A','admin','2015-03-06 07:46:43','admin','2015-03-06 07:46:43'),
	(257,4,218,16,'Surya Profesional Mild','P',11000,9950,'Y',NULL,NULL,NULL,NULL,NULL,NULL,'A','admin','2015-03-06 07:43:18','admin','2015-03-06 07:43:18'),
	(258,4,228,5,'Tea Tarik','P',7500,4000,'Y',NULL,NULL,NULL,NULL,NULL,NULL,'A','admin','2015-03-06 08:06:25','admin','2015-03-06 08:06:25'),
	(259,4,223,15,'Telur Dadar','P',2500,1500,'Y',NULL,NULL,NULL,NULL,NULL,NULL,'A','admin','2015-03-06 07:55:58','admin','2015-03-06 07:55:58'),
	(260,4,224,15,'Telur Mata Sapi','P',2500,1500,'Y',NULL,NULL,NULL,NULL,NULL,NULL,'A','admin','2015-03-06 07:56:19','admin','2015-03-06 07:56:19'),
	(261,4,225,10,'Telur Orak Arik','P',2500,1500,'Y',NULL,NULL,NULL,NULL,NULL,NULL,'A','admin','2015-03-06 07:57:34','admin','2015-03-06 08:01:54'),
	(262,4,234,17,'Bubble Jelly King Size','P',2000,500,'Y',NULL,NULL,NULL,NULL,NULL,NULL,'A','admin','2015-03-06 12:07:34','admin','2015-03-06 12:07:34'),
	(263,4,233,17,'Bubble Jelly Reg','P',1000,500,'Y',NULL,NULL,NULL,NULL,NULL,NULL,'A','admin','2015-03-06 12:07:03','admin','2015-03-06 12:07:03'),
	(264,4,230,17,'Choco Granule','P',1000,500,'Y',NULL,NULL,NULL,NULL,NULL,NULL,'A','admin','2015-03-06 12:03:28','admin','2015-03-06 12:05:35'),
	(265,4,231,17,'Oreo','P',1000,500,'Y',NULL,NULL,NULL,NULL,NULL,NULL,'A','admin','2015-03-06 12:05:08','admin','2015-03-06 12:05:08'),
	(266,4,232,17,'Roll Wafer','P',1000,500,'Y',NULL,NULL,NULL,NULL,NULL,NULL,'A','admin','2015-03-06 12:06:07','admin','2015-03-06 12:06:07'),
	(267,4,235,2,'Mie Pedesh Polos','P',10000,4000,'Y',NULL,NULL,NULL,NULL,NULL,NULL,'A','admin','2015-03-07 08:10:19','admin','2015-03-07 08:11:54'),
	(268,4,236,2,'Mie Tomyum Polos','P',10000,5000,'Y',NULL,NULL,NULL,NULL,NULL,NULL,'A','admin','2015-03-07 08:11:02','admin','2015-03-07 08:11:02'),
	(269,2,1,1,'Alaia ','P',100000,75000,'Y',NULL,NULL,NULL,NULL,NULL,NULL,'A','admin','2015-03-10 10:11:38','admin','2015-03-10 11:44:33'),
	(270,2,15,2,'Alba','P',165000,100000,'Y',NULL,NULL,NULL,NULL,NULL,NULL,'A','admin','2015-03-10 10:39:13','admin','2015-03-10 10:39:28'),
	(271,2,25,3,'Altari','P',300000,250000,'Y',NULL,NULL,NULL,NULL,NULL,NULL,'A','admin','2015-03-10 10:48:34','admin','2015-03-10 10:48:44'),
	(272,2,6,2,'Deligo Basic','P',200000,150000,'Y',NULL,NULL,NULL,NULL,NULL,NULL,'A','admin','2015-03-10 10:29:24','admin','2015-03-10 10:30:00'),
	(273,2,23,5,'Diara','P',325000,250000,'Y',NULL,NULL,NULL,NULL,NULL,NULL,'A','admin','2015-03-10 10:47:01','admin','2015-03-10 10:47:23'),
	(274,2,2,1,'Elsa','P',100000,75000,'Y',NULL,NULL,NULL,NULL,NULL,NULL,'A','admin','2015-03-10 10:22:42','admin','2015-03-10 11:45:32'),
	(275,2,5,1,'Elsafa','P',100000,75000,'Y',NULL,NULL,NULL,NULL,NULL,NULL,'A','admin','2015-03-10 10:26:31','admin','2015-03-10 10:26:31'),
	(276,2,13,2,'Fiqa','P',235000,185000,'Y',NULL,NULL,NULL,NULL,NULL,NULL,'A','admin','2015-03-10 10:37:40','admin','2015-03-10 10:38:51'),
	(277,2,14,2,'Greysa','P',250000,175000,'N',NULL,NULL,NULL,NULL,NULL,NULL,'A','admin','2015-03-10 10:38:27','admin','2015-03-10 10:38:41'),
	(278,2,20,2,'Harviah Cardi','P',265000,200000,'Y',NULL,NULL,NULL,NULL,NULL,NULL,'A','admin','2015-03-10 10:43:21','admin','2015-03-10 11:17:24'),
	(279,2,8,3,'Kenny Pants FLower','P',280000,150000,'Y',NULL,NULL,NULL,NULL,NULL,NULL,'A','admin','2015-03-10 10:31:20','admin','2015-03-10 10:32:06'),
	(280,2,18,2,'Kimono Cardi','P',265000,200000,'Y',NULL,NULL,NULL,NULL,NULL,NULL,'A','admin','2015-03-10 10:42:07','admin','2015-03-10 10:42:27'),
	(281,2,27,2,'Kirana Cardi','P',240000,150000,'Y',NULL,NULL,NULL,NULL,NULL,NULL,'A','admin','2015-03-10 10:50:17','admin','2015-03-10 10:50:28'),
	(282,2,28,6,'Lana','P',265000,200000,'Y',NULL,NULL,NULL,NULL,NULL,NULL,'A','admin','2015-03-10 10:50:50','admin','2015-03-10 10:51:03'),
	(283,2,7,3,'Loewy ','P',250000,200000,'Y',NULL,NULL,NULL,NULL,NULL,NULL,'A','admin','2015-03-10 10:30:20','admin','2015-03-10 10:30:52'),
	(284,2,3,1,'Long Syiria','P',100000,75000,'Y',NULL,NULL,NULL,NULL,NULL,NULL,'A','admin','2015-03-10 10:24:14','admin','2015-03-10 11:46:39'),
	(285,2,19,2,'Loona Cardi','P',295000,200000,'Y',NULL,NULL,NULL,NULL,NULL,NULL,'A','admin','2015-03-10 10:42:29','admin','2015-03-10 10:44:37'),
	(286,2,22,6,'Muzza','P',280000,200000,'Y',NULL,NULL,NULL,NULL,NULL,NULL,'A','admin','2015-03-10 10:46:15','admin','2015-03-10 10:46:40'),
	(287,2,11,1,'Ninja Antem','P',95000,50000,'Y',NULL,NULL,NULL,NULL,NULL,NULL,'A','admin','2015-03-10 10:34:58','admin','2015-03-10 10:35:20'),
	(288,2,21,2,'Olla Vest','P',250000,200000,'Y',NULL,NULL,NULL,NULL,NULL,NULL,'A','admin','2015-03-10 10:45:06','admin','2015-03-10 10:45:28'),
	(289,2,29,6,'Pax','P',320000,250000,'Y',NULL,NULL,NULL,NULL,NULL,NULL,'A','admin','2015-03-10 10:51:27','admin','2015-03-10 10:51:38'),
	(290,2,17,2,'Rifqa Long Cardi','P',300000,250000,'Y',NULL,NULL,NULL,NULL,NULL,NULL,'A','admin','2015-03-10 10:41:18','admin','2015-03-10 10:41:36'),
	(291,2,4,1,'Short Syiria','P',85000,60000,'Y',NULL,NULL,NULL,NULL,NULL,NULL,'A','admin','2015-03-10 10:24:31','admin','2015-03-10 10:28:01'),
	(292,2,26,6,'Syibilla','P',400000,300000,'Y',NULL,NULL,NULL,NULL,NULL,NULL,'A','admin','2015-03-10 10:49:28','admin','2015-03-10 10:49:55'),
	(293,2,10,2,'Virra Cardi','P',280000,200000,'Y',NULL,NULL,NULL,NULL,NULL,NULL,'A','admin','2015-03-10 10:33:09','admin','2015-03-10 10:33:26'),
	(294,2,12,2,'Xeena','P',150000,100000,'Y',NULL,NULL,NULL,NULL,NULL,NULL,'A','admin','2015-03-10 10:35:38','admin','2015-03-10 10:37:15'),
	(295,2,16,5,'Yoemi','P',325000,250000,'Y',NULL,NULL,NULL,NULL,NULL,NULL,'A','admin','2015-03-10 10:40:12','admin','2015-03-10 10:40:34'),
	(296,2,9,2,'Zaura','P',280000,200000,'Y',NULL,NULL,NULL,NULL,NULL,NULL,'A','admin','2015-03-10 10:32:18','admin','2015-03-10 10:32:35'),
	(297,2,24,6,'Zavina','P',220000,150000,'Y',NULL,NULL,NULL,NULL,NULL,NULL,'A','admin','2015-03-10 10:47:42','admin','2015-03-10 10:48:10'),
	(298,2,36,3,'Ailee','P',289000,239000,'Y',NULL,NULL,NULL,NULL,NULL,NULL,'A','admin','2015-03-10 11:19:07','admin','2015-03-10 11:19:36'),
	(299,2,32,2,'Akela','P',219000,159000,'Y',NULL,NULL,NULL,NULL,NULL,NULL,'A','admin','2015-03-10 11:14:08','admin','2015-03-10 11:14:32'),
	(300,2,39,3,'Amanda','P',135000,85000,'Y',NULL,NULL,NULL,NULL,NULL,NULL,'A','admin','2015-03-10 11:27:00','admin','2015-03-10 11:27:12'),
	(301,2,41,2,'Amyta Cardi','P',165000,100000,'Y',NULL,NULL,NULL,NULL,NULL,NULL,'A','admin','2015-03-10 11:28:41','admin','2015-03-10 11:28:54'),
	(302,2,42,2,'Ariana','P',185000,150000,'Y',NULL,NULL,NULL,NULL,NULL,NULL,'A','admin','2015-03-10 11:30:11','admin','2015-03-10 11:30:40'),
	(303,2,35,2,'Bambi Tops','P',189000,139000,'Y',NULL,NULL,NULL,NULL,NULL,NULL,'A','admin','2015-03-10 11:17:59','admin','2015-03-10 11:18:21'),
	(304,2,33,6,'Ciciyo','P',229000,179000,'Y',NULL,NULL,NULL,NULL,NULL,NULL,'A','admin','2015-03-10 11:15:22','admin','2015-03-10 11:15:37'),
	(305,2,30,3,'Esta','P',269000,200000,'Y',NULL,NULL,NULL,NULL,NULL,NULL,'A','admin','2015-03-10 11:11:53','admin','2015-03-10 11:12:33'),
	(306,2,31,3,'Gianna','P',269000,200000,'Y',NULL,NULL,NULL,NULL,NULL,NULL,'A','admin','2015-03-10 11:13:02','admin','2015-03-10 11:13:26'),
	(307,2,40,2,'Kiara ','P',250000,200000,'Y',NULL,NULL,NULL,NULL,NULL,NULL,'A','admin','2015-03-10 11:27:45','admin','2015-03-10 11:28:13'),
	(308,2,34,2,'Kimu Striped','P',239000,189000,'Y',NULL,NULL,NULL,NULL,NULL,NULL,'A','admin','2015-03-10 11:15:59','admin','2015-03-10 11:16:26'),
	(309,2,38,2,'Koma Blouse','P',179000,129000,'Y',NULL,NULL,NULL,NULL,NULL,NULL,'A','admin','2015-03-10 11:21:52','admin','2015-03-10 11:22:03'),
	(310,2,44,3,'Lotta','P',150000,90000,'Y',NULL,NULL,NULL,NULL,NULL,NULL,'A','admin','2015-03-10 11:32:26','admin','2015-03-10 11:32:34'),
	(311,2,43,5,'Marwah ','P',140000,90000,'Y',NULL,NULL,NULL,NULL,NULL,NULL,'A','admin','2015-03-10 11:31:20','admin','2015-03-10 11:31:30'),
	(312,2,37,6,'Striped Neola','P',209000,159000,'Y',NULL,NULL,NULL,NULL,NULL,NULL,'A','admin','2015-03-10 11:21:07','admin','2015-03-10 11:21:22'),
	(313,2,45,1,'Vurla Scraf','P',65000,45000,'Y',NULL,NULL,NULL,NULL,NULL,NULL,'A','admin','2015-03-10 11:32:56','admin','2015-03-10 11:33:37'),
	(314,4,239,8,' Milk Plain King Size','P',6000,2500,'Y',NULL,NULL,NULL,NULL,NULL,NULL,'A','admin','2015-03-08 07:04:02','admin','2015-03-08 07:04:02'),
	(315,4,238,8,'Milk Plain Reguler','P',5000,1500,'Y',NULL,NULL,NULL,NULL,NULL,NULL,'A','admin','2015-03-08 07:03:01','admin','2015-03-08 07:03:01'),
	(316,4,237,17,'Topping Cherry','P',2000,1000,'Y',NULL,NULL,NULL,NULL,NULL,NULL,'A','admin','2015-03-08 05:57:50','admin','2015-03-08 05:57:50');

/*!40000 ALTER TABLE `product` ENABLE KEYS */;
UNLOCK TABLES;


# Dump of table product_group
# ------------------------------------------------------------

DROP TABLE IF EXISTS `product_group`;

CREATE TABLE `product_group` (
  `id` int(11) NOT NULL AUTO_INCREMENT,
  `merchant_id` int(11) DEFAULT NULL,
  `remote_id` int(11) DEFAULT NULL,
  `name` varchar(50) DEFAULT NULL,
  `status` varchar(50) DEFAULT NULL,
  `create_by` varchar(50) DEFAULT NULL,
  `create_date` datetime DEFAULT NULL,
  `update_by` varchar(50) DEFAULT NULL,
  `update_date` datetime DEFAULT NULL,
  PRIMARY KEY (`id`)
) ENGINE=InnoDB DEFAULT CHARSET=utf8;

LOCK TABLES `product_group` WRITE;
/*!40000 ALTER TABLE `product_group` DISABLE KEYS */;

INSERT INTO `product_group` (`id`, `merchant_id`, `remote_id`, `name`, `status`, `create_by`, `create_date`, `update_by`, `update_date`)
VALUES
	(2,1,2,'Menu Ayam','A','retno','2015-02-03 14:57:26','retno','2015-02-07 05:10:51'),
	(3,1,3,'Menu Kambing','A','retno','2015-02-03 14:57:31','retno','2015-02-07 05:10:51'),
	(4,1,1,'Menu Udang','A','retno','2015-02-03 14:57:35','retno','2015-02-07 05:10:51'),
	(5,1,4,'Perawatan Muka','D','retno','2015-02-03 14:57:38','retno','2015-02-07 05:10:51'),
	(14,1,5,'Menu Sapi','A','retno','2015-02-07 05:10:31','retno','2015-02-07 05:15:29'),
	(15,4,1,'Paket Individual','D','admin','2015-02-24 17:44:02','admin','2015-02-24 17:44:02'),
	(16,4,9,'Coffee','A','admin','2015-02-24 17:52:23','admin','2015-02-24 17:52:23'),
	(17,4,6,'Iga dan Steak','A','admin','2015-02-24 17:51:48','admin','2015-02-24 17:51:48'),
	(18,4,2,'Mie','A','admin','2015-02-24 17:50:06','admin','2015-02-24 18:51:08'),
	(19,4,5,'Minuman','A','admin','2015-02-24 17:50:58','admin','2015-02-24 17:51:18'),
	(20,4,3,'Seafood','A','admin','2015-02-24 17:50:29','admin','2015-02-24 17:50:29'),
	(21,4,4,'Snack','A','admin','2015-02-24 17:50:36','admin','2015-02-24 17:50:36'),
	(22,4,8,'Susu','A','admin','2015-02-24 17:52:11','admin','2015-02-24 17:52:11'),
	(23,4,7,'Western Food','A','admin','2015-02-24 17:52:03','admin','2015-02-24 17:52:03'),
	(24,4,10,'Mbok Rawit Special','A','admin','2015-03-05 13:33:47','admin','2015-03-05 13:33:47'),
	(25,4,12,'Mbok Rawit Special Vegetable','A','admin','2015-03-05 13:34:51','admin','2015-03-05 13:34:51'),
	(26,4,11,'Mbok Rawit Special Vegetables','D','admin','2015-03-05 13:34:14','admin','2015-03-05 13:34:14'),
	(27,4,13,'Special Beverages','A','admin','2015-03-05 13:35:30','admin','2015-03-05 13:35:30'),
	(28,4,14,'Rice and Kiddies','A','admin','2015-03-06 06:00:32','admin','2015-03-06 06:00:32'),
	(29,4,15,'Lain Lain','A','admin','2015-03-06 07:14:37','admin','2015-03-06 07:14:37'),
	(30,4,16,'Rokok','A','admin','2015-03-06 07:14:45','admin','2015-03-06 07:14:45'),
	(31,4,17,'topping susu','A','admin','2015-03-06 12:02:33','admin','2015-03-06 12:02:33'),
	(32,2,6,'Dress','A','admin','2015-03-10 10:45:55','admin','2015-03-10 10:46:00'),
	(33,2,1,'Hijab','A','admin','2015-03-10 10:09:19','admin','2015-03-10 10:26:47'),
	(34,2,4,'Mukena','A','admin','2015-03-10 10:34:11','admin','2015-03-10 10:34:11'),
	(35,2,3,'Pants','A','admin','2015-03-10 10:29:13','admin','2015-03-10 10:29:13'),
	(36,2,5,'Skirt','A','admin','2015-03-10 10:39:56','admin','2015-03-10 10:40:02'),
	(37,2,2,'Top','A','admin','2015-03-10 10:28:59','admin','2015-03-10 10:28:59');

/*!40000 ALTER TABLE `product_group` ENABLE KEYS */;
UNLOCK TABLES;


# Dump of table supplier
# ------------------------------------------------------------

DROP TABLE IF EXISTS `supplier`;

CREATE TABLE `supplier` (
  `id` int(11) NOT NULL AUTO_INCREMENT,
  `merchant_id` int(11) DEFAULT NULL,
  `remote_id` int(11) DEFAULT NULL,
  `name` varchar(50) DEFAULT NULL,
  `telephone` varchar(50) DEFAULT NULL,
  `address` varchar(250) DEFAULT NULL,
  `pic_name` varchar(50) DEFAULT NULL,
  `pic_telephone` varchar(50) DEFAULT NULL,
  `remarks` varchar(250) DEFAULT NULL,
  `status` varchar(1) DEFAULT NULL,
  `create_by` varchar(50) DEFAULT NULL,
  `create_date` datetime DEFAULT NULL,
  `update_by` varchar(50) DEFAULT NULL,
  `update_date` datetime DEFAULT NULL,
  PRIMARY KEY (`id`)
) ENGINE=InnoDB DEFAULT CHARSET=utf8;

LOCK TABLES `supplier` WRITE;
/*!40000 ALTER TABLE `supplier` DISABLE KEYS */;

INSERT INTO `supplier` (`id`, `merchant_id`, `remote_id`, `name`, `telephone`, `address`, `pic_name`, `pic_telephone`, `remarks`, `status`, `create_by`, `create_date`, `update_by`, `update_date`)
VALUES
	(1,2,1,'Butik Jihan Kusuma','(021) 71234321','Jl. Ahmad Yani 21B Semarang','Rahayu','081234332344','Supplier Batik','A','kartika','2015-03-14 14:57:54','kartika','2015-03-14 14:57:54'),
	(2,2,3,'Danrilis','0271586279','Jl. Brjen Slamet Riyadi no 7B Surakarta','Amita','0815486255855','Supplier Skirt','A','kartika','2015-03-17 11:37:52','kartika','2015-03-17 11:37:52'),
	(3,2,2,'Kaluna Butik','0271755888','Jl. Radjiman no:45 Surakarta','leoni','081852689478','Supplier dress','A','kartika','2015-03-17 11:36:00','kartika','2015-03-17 11:36:00');

/*!40000 ALTER TABLE `supplier` ENABLE KEYS */;
UNLOCK TABLES;


# Dump of table transaction_item
# ------------------------------------------------------------

DROP TABLE IF EXISTS `transaction_item`;

CREATE TABLE `transaction_item` (
  `id` int(11) NOT NULL AUTO_INCREMENT,
  `merchant_id` int(11) DEFAULT NULL,
  `remote_id` int(11) DEFAULT NULL,
  `transaction_id` int(11) DEFAULT NULL,
  `product_id` int(11) DEFAULT NULL,
  `product_name` varchar(50) DEFAULT NULL,
  `product_type` varchar(50) DEFAULT NULL,
  `price` int(11) DEFAULT NULL,
  `cost_price` int(11) DEFAULT NULL,
  `discount` int(11) DEFAULT NULL,
  `quantity` int(11) DEFAULT NULL,
  `commision` int(11) DEFAULT NULL,
  `employee_id` int(11) DEFAULT NULL,
  PRIMARY KEY (`id`)
) ENGINE=InnoDB DEFAULT CHARSET=utf8;

LOCK TABLES `transaction_item` WRITE;
/*!40000 ALTER TABLE `transaction_item` DISABLE KEYS */;

INSERT INTO `transaction_item` (`id`, `merchant_id`, `remote_id`, `transaction_id`, `product_id`, `product_name`, `product_type`, `price`, `cost_price`, `discount`, `quantity`, `commision`, `employee_id`)
VALUES
	(23,1,1,1,14,'Ayam Asam Manis','P',7500,3000,0,1,NULL,0),
	(24,1,2,1,4,'Ayam Bakar Kecap Manis','P',10000,5000,0,1,NULL,0),
	(25,1,3,1,13,'Ayam Bakar Petis Udang Spesial','P',7500,3000,0,1,NULL,0),
	(26,1,4,2,5,'Sate Kambing Muda','P',17500,10000,0,1,NULL,0),
	(27,1,5,2,12,'Sate Kambing','P',17500,10000,0,1,NULL,0),
	(28,1,6,2,16,'Tongseng Kambing','P',25000,12000,0,1,NULL,0),
	(29,1,7,3,2,'Bakso Sapi Spesial Jamur Merang','P',8000,4000,0,1,NULL,0),
	(30,1,8,3,7,'Bakso Urat Spesial','P',8000,4000,0,3,NULL,0),
	(31,1,9,4,16,'Tongseng Kambing','P',25000,12000,0,1,NULL,0),
	(32,1,10,4,5,'Sate Kambing Muda','P',17500,10000,0,2,NULL,0),
	(33,1,11,4,6,'Udang Bakar Madu','P',15000,8000,0,2,NULL,0),
	(34,1,12,5,1,'Daging Sapi Asap Spesial','P',10000,5000,0,1,NULL,0),
	(35,1,13,5,2,'Bakso Sapi Spesial Jamur Merang','P',8000,4000,0,1,NULL,0),
	(36,1,14,5,7,'Bakso Urat Spesial','P',8000,4000,0,1,NULL,0),
	(37,1,15,6,7,'Bakso Urat Spesial','P',8000,4000,0,1,NULL,0),
	(38,1,16,6,13,'Ayam Bakar Petis Udang Spesial','P',7500,3000,0,1,NULL,0),
	(39,1,17,6,8,'Gado-gado','P',5000,5000,0,1,NULL,0),
	(40,1,18,7,14,'Ayam Asam Manis','P',7500,3000,0,1,NULL,0),
	(41,1,19,7,4,'Ayam Bakar Kecap Manis','P',10000,5000,0,1,NULL,0),
	(42,1,20,7,13,'Ayam Bakar Petis Udang Spesial','P',7500,3000,0,1,NULL,0),
	(43,1,21,8,13,'Ayam Bakar Petis Udang Spesial','P',7500,3000,0,1,NULL,0),
	(44,1,22,8,19,'Ayam Bakar Spesial','P',10000,5000,0,1,NULL,0),
	(45,1,23,9,5,'Sate Kambing Muda','P',17500,10000,0,1,NULL,0),
	(46,1,24,9,16,'Tongseng Kambing','P',25000,12000,0,1,NULL,0),
	(47,1,25,10,14,'Ayam Asam Manis','P',7500,3000,0,1,NULL,0),
	(48,1,26,11,16,'Tongseng Kambing','P',25000,12000,0,2,NULL,0),
	(49,1,27,11,5,'Sate Kambing Muda','P',17500,10000,0,1,NULL,0),
	(50,1,28,12,13,'Ayam Bakar Petis Udang Spesial','P',7500,3000,0,1,NULL,0),
	(51,1,29,12,2,'Bakso Sapi Spesial Jamur Merang','P',8000,4000,0,1,NULL,0),
	(52,1,30,13,19,'Ayam Bakar Spesial','P',10000,5000,0,1,NULL,0),
	(53,1,31,13,10,'Ayam Balado Sambal Pete','P',6500,3000,0,1,NULL,0),
	(54,1,32,14,4,'Ayam Bakar Kecap Manis','P',10000,5000,1000,1,NULL,0),
	(55,1,33,14,19,'Ayam Bakar Spesial','P',10000,5000,1000,1,NULL,0),
	(56,1,34,15,14,'Ayam Asam Manis','P',7500,3000,0,1,NULL,0),
	(57,1,35,15,3,'Ayam Goreng Spesial Jamur','P',6500,3000,0,1,NULL,0),
	(58,1,36,16,4,'Ayam Bakar Kecap Manis','P',10000,5000,0,1,NULL,0),
	(59,1,37,16,3,'Ayam Goreng Spesial Jamur','P',6500,3000,0,1,NULL,0),
	(60,1,43,18,19,'Ayam Bakar Spesial','P',10000,5000,NULL,1,NULL,0),
	(61,1,44,18,1,'Daging Sapi Asap Spesial','P',10000,5000,NULL,2,NULL,0),
	(62,1,45,19,5,'Sate Kambing Muda','P',17500,10000,1750,1,NULL,0),
	(63,1,46,19,16,'Tongseng Kambing','P',25000,12000,2500,1,NULL,0),
	(64,1,47,19,19,'Ayam Bakar Spesial','P',10000,5000,1000,1,NULL,0),
	(65,1,48,20,14,'Ayam Asam Manis','P',7500,3000,750,1,NULL,0),
	(66,1,49,20,10,'Ayam Balado Sambal Pete','P',6500,3000,650,1,NULL,0),
	(67,1,50,20,15,'Cah Kangkung','P',7500,3000,750,2,NULL,0),
	(68,1,51,20,8,'Gado-gado','P',5000,5000,500,1,NULL,0),
	(69,1,52,20,13,'Ayam Bakar Petis Udang Spesial','P',7500,3000,750,1,NULL,0),
	(70,1,53,21,13,'Ayam Bakar Petis Udang Spesial','P',7500,5000,0,1,NULL,0),
	(71,1,54,21,10,'Ayam Balado Sambal Pete','P',6500,6500,0,1,NULL,0),
	(72,1,55,21,6,'Udang Bakar Madu','P',15000,15000,0,1,NULL,0),
	(73,1,56,22,14,'Ayam Asam Manis','P',7500,6000,750,1,NULL,0),
	(74,1,57,22,8,'Gado-gado','P',5000,5000,500,1,NULL,0),
	(75,1,58,23,14,'Ayam Asam Manis','P',7500,6000,750,1,NULL,0),
	(76,1,59,23,19,'Ayam Bakar Spesial','P',10000,10000,1000,1,NULL,0),
	(77,1,60,23,8,'Gado-gado','P',5000,5000,500,2,NULL,0),
	(78,1,61,24,10,'Ayam Balado Sambal Pete','P',6500,6500,650,1,NULL,0),
	(79,1,62,24,15,'Cah Kangkung','P',7500,7500,750,2,NULL,0),
	(80,1,63,24,7,'Bakso Urat Spesial','P',8000,8000,800,1,NULL,0),
	(81,1,64,25,4,'Ayam Bakar Kecap Manis','P',10000,6000,1000,1,NULL,0),
	(82,1,65,25,10,'Ayam Balado Sambal Pete','P',6500,6500,650,1,NULL,0),
	(83,1,66,26,4,'Ayam Bakar Kecap Manis','P',10000,6000,1000,1,NULL,0),
	(84,1,67,26,3,'Ayam Goreng Spesial Jamur','P',6500,6500,650,1,NULL,0),
	(85,1,68,27,19,'Ayam Bakar Spesial','P',10000,10000,1000,1,NULL,0),
	(86,1,69,28,19,'Ayam Bakar Spesial','P',10000,10000,1000,1,NULL,0),
	(87,1,70,29,14,'Ayam Asam Manis','P',7500,6000,750,1,NULL,0),
	(88,1,71,29,10,'Ayam Balado Sambal Pete','P',6500,6500,650,1,NULL,0),
	(89,1,72,29,15,'Cah Kangkung','P',7500,7500,750,2,NULL,0),
	(90,1,73,30,12,'Sate Kambing','P',17500,17500,0,1,NULL,0),
	(91,1,74,31,14,'Ayam Asam Manis','P',7500,6000,750,1,NULL,0),
	(92,1,75,32,4,'Ayam Bakar Kecap Manis','P',10000,6000,1000,1,NULL,0),
	(93,1,76,33,4,'Ayam Bakar Kecap Manis','P',10000,6000,0,1,NULL,0),
	(94,1,77,34,16,'Tongseng Kambing','P',25000,25000,2500,1,NULL,0),
	(95,1,78,35,14,'Ayam Asam Manis','P',7500,6000,750,1,NULL,0),
	(96,1,79,36,5,'Sate Kambing Muda','P',17500,17500,0,1,NULL,0),
	(97,1,80,37,5,'Sate Kambing Muda','P',17500,17500,0,1,NULL,0),
	(98,1,81,38,10,'Ayam Balado Sambal Pete','P',6500,6500,650,1,NULL,0),
	(99,4,1,1,1,'Paket Ayam Kungpou','P',17500,10000,0,1,NULL,0),
	(100,4,2,2,9,'Mie Pedesh Ayam Dewa','P',13500,8000,0,1,NULL,0),
	(101,4,3,3,4,'Paket Ayam Balado','P',17500,10000,0,2,NULL,0),
	(102,4,4,3,7,'Mie Pedesh Ayam Suwung','P',12500,7500,0,2,NULL,0),
	(103,4,5,4,10,'Mie Pedesh Seafood Dewa','P',15000,9000,0,2,NULL,0),
	(104,4,6,4,1,'Paket Ayam Kungpou','P',17500,10000,0,3,NULL,0),
	(105,4,7,4,2,'Paket Udang Bakar','P',17500,10000,0,6,NULL,0),
	(106,4,8,5,10,'Mie Pedesh Seafood Dewa','P',15000,9000,0,2,NULL,0),
	(107,4,9,5,9,'Mie Pedesh Ayam Dewa','P',13500,8000,0,2,NULL,0),
	(108,4,10,5,1,'Paket Ayam Kungpou','P',17500,10000,0,2,NULL,0),
	(109,1,99,49,13,'Ayam Bakar Petis Udang Spesial','P',7500,5000,0,1,NULL,0),
	(110,1,100,49,15,'Cah Kangkung','P',7500,7500,0,1,NULL,0),
	(111,1,101,50,13,'Ayam Bakar Petis Udang Spesial','P',7500,5000,0,1,NULL,0),
	(112,1,102,50,15,'Cah Kangkung','P',7500,7500,0,1,NULL,0),
	(113,1,103,51,12,'Sate Kambing','P',17500,17500,0,1,NULL,0),
	(114,1,104,51,16,'Tongseng Kambing','P',25000,25000,0,1,NULL,0),
	(115,1,105,51,14,'Ayam Asam Manis','P',7500,6000,0,1,NULL,0),
	(116,1,106,52,2,'Bakso Sapi Spesial Jamur Merang','P',8000,8000,0,1,NULL,0),
	(117,1,107,52,7,'Bakso Urat Spesial','P',8000,8000,0,1,NULL,0),
	(118,1,108,52,4,'Ayam Bakar Kecap Manis','P',10000,6000,0,2,NULL,0),
	(119,1,109,52,13,'Ayam Bakar Petis Udang Spesial','P',7500,5000,0,1,NULL,0),
	(120,1,110,52,8,'Gado-gado','P',5000,5000,0,1,NULL,0),
	(121,1,111,52,11,'Soto Ayam','P',10000,10000,0,1,NULL,0),
	(122,1,112,52,19,'Ayam Bakar Spesial','P',10000,10000,0,1,NULL,0),
	(123,1,113,52,6,'Udang Bakar Madu','P',15000,15000,0,0,NULL,0),
	(124,1,114,52,14,'Ayam Asam Manis','P',7500,6000,0,1,NULL,0),
	(125,4,11,6,9,'Mie Pedesh Ayam Dewa','P',13500,8000,0,2,NULL,0),
	(126,4,12,6,25,'Cumi Asam Manis','P',25000,12500,0,1,NULL,0),
	(127,4,13,6,33,'Kepiting Asam Manis ','P',80000,45000,0,1,NULL,0),
	(128,4,14,6,64,'Es Teh Manis','P',2500,1000,0,2,NULL,0),
	(129,4,15,6,62,'Wedang Roti ','P',8000,5000,0,2,NULL,0),
	(130,1,115,53,19,'Ayam Bakar Spesial','P',10000,10000,0,1,NULL,0),
	(131,1,116,53,6,'Udang Bakar Madu','P',15000,15000,0,1,NULL,0),
	(132,1,117,53,4,'Ayam Bakar Kecap Manis','P',10000,6000,0,1,NULL,0),
	(133,1,118,53,7,'Bakso Urat Spesial','P',8000,8000,0,2,NULL,0),
	(134,1,119,54,13,'Ayam Bakar Petis Udang Spesial','P',7500,5000,0,2,NULL,0),
	(135,1,120,54,6,'Udang Bakar Madu','P',15000,15000,0,1,NULL,0),
	(136,1,121,54,14,'Ayam Asam Manis','P',7500,6000,0,1,NULL,0),
	(137,1,122,55,6,'Udang Bakar Madu','P',15000,15000,0,1,NULL,0),
	(138,1,123,55,19,'Ayam Bakar Spesial','P',10000,10000,0,1,NULL,0),
	(139,1,124,55,14,'Ayam Asam Manis','P',7500,6000,0,2,NULL,0),
	(140,1,125,55,13,'Ayam Bakar Petis Udang Spesial','P',7500,5000,0,2,NULL,0),
	(141,1,126,56,13,'Ayam Bakar Petis Udang Spesial','P',7500,5000,0,1,NULL,0),
	(142,1,127,56,1,'Daging Sapi Asap Spesial','P',10000,10000,0,22,NULL,0),
	(143,1,128,56,15,'Cah Kangkung','P',7500,7500,0,1,NULL,0),
	(144,1,129,57,13,'Ayam Bakar Petis Udang Spesial','P',7500,5000,0,2,NULL,0),
	(145,1,130,57,1,'Daging Sapi Asap Spesial','P',10000,10000,0,2,NULL,0),
	(146,4,16,8,8,'Mie Pedesh Ayam Galau','P',12500,7500,0,1,NULL,0),
	(147,4,17,8,57,'Singkong Keju','P',12500,7000,0,1,NULL,0),
	(148,4,18,9,157,'Chicken Kungpou','P',20000,20000,0,1,NULL,0),
	(149,4,19,10,20,'Mie Tomyum Seafood Galau','P',18000,10000,0,1,NULL,0),
	(150,4,20,10,76,'Juice Avocado','P',8000,4000,0,1,NULL,0),
	(151,4,21,11,7,'Mie Pedesh Ayam Suwung','P',12500,7500,0,1,NULL,0),
	(152,4,22,11,117,'Strawberry Wakwaw Regular','P',7500,4500,0,1,NULL,0),
	(153,4,23,12,9,'Mie Pedesh Ayam Dewa','P',13500,8000,0,1,NULL,0),
	(154,4,24,12,103,'Chicken Steak Mbok Rawit','P',35000,17500,0,1,NULL,0),
	(155,4,25,12,76,'Juice Avocado','P',8000,4000,0,1,NULL,0),
	(156,4,26,12,197,'Vanilla Pinky Regular','P',10000,6000,0,1,NULL,0),
	(157,4,27,12,208,'Pangsit','P',2000,1500,0,1,NULL,0),
	(158,4,28,13,8,'Mie Pedesh Ayam Galau','P',12500,7500,0,1,NULL,0),
	(159,4,29,13,16,'Mie Tomyum Ayam Suwung','P',16000,10000,0,1,NULL,0),
	(160,4,30,14,66,'Es Teh Manis Jumbo','P',3500,1000,0,1,NULL,0),
	(161,4,31,14,65,'Teh Manis Jumbo','P',3000,1000,0,1,NULL,0),
	(162,4,32,15,40,'Kerang Ijo Mbok Rawit','P',15000,8000,0,1,NULL,0),
	(163,4,33,15,46,'Srimping Mbok Rawit','P',17500,10000,0,1,NULL,0),
	(164,4,34,15,23,'Mie Tomyum Special Galau ','P',20000,11000,0,1,NULL,0),
	(165,4,35,15,159,'Chicken Blackpepper','P',20000,20000,0,1,NULL,0),
	(166,4,36,15,56,'French Fries','P',10000,6000,0,1,NULL,0),
	(167,4,37,15,53,'Tahu Mbok Rawit','P',12500,7000,0,1,NULL,0),
	(168,4,38,15,59,'Nasi Putih','P',3500,2000,0,3,NULL,0),
	(169,4,39,15,27,'Cumi Cabe Kering ','P',25000,12500,0,1,NULL,0),
	(170,4,40,15,227,'Soda Gembira','P',8000,3000,0,1,NULL,0),
	(171,4,41,15,91,'Iced Cappuccino','P',7000,2000,0,1,NULL,0),
	(172,4,42,15,212,'Air Mineral Prima','P',2500,1300,0,1,NULL,0),
	(173,4,43,15,93,'Iced Chocolate','P',7000,2000,0,1,NULL,0),
	(174,4,44,15,72,'Jeruk Anget Jumbo','P',5000,2000,0,1,NULL,0),
	(175,4,45,15,74,'Es Jeruk Jumbo','P',5500,2000,0,1,NULL,0),
	(176,4,46,16,117,'Strawberry Wakwaw Regular','P',7500,4500,0,1,NULL,0),
	(177,4,47,16,65,'Teh Manis Jumbo','P',3000,1000,0,1,NULL,0),
	(178,4,48,16,66,'Es Teh Manis Jumbo','P',3500,1000,0,1,NULL,0),
	(179,4,49,16,23,'Mie Tomyum Special Galau ','P',20000,11000,0,1,NULL,0),
	(180,4,50,16,30,'Gurami Asam Manis ','P',45000,25000,0,1,NULL,0),
	(181,4,51,16,6,'Paket Kiddie B','P',18000,8500,0,1,NULL,0),
	(182,4,52,16,208,'Pangsit','P',2000,1500,0,1,NULL,0),
	(183,4,53,17,113,'BBM (Banana Berry Milk) Hot','P',11000,5500,0,1,NULL,0),
	(184,4,54,17,87,'Hot Chocolate','P',6000,2000,0,1,NULL,0),
	(185,4,55,18,17,'Mie Tomyum Ayam Galau','P',16000,10000,0,1,NULL,0),
	(186,4,56,18,199,'Orange Bawah Sadar Regular','P',10000,6000,0,1,NULL,0),
	(187,4,57,18,66,'Es Teh Manis Jumbo','P',3500,1000,0,1,NULL,0),
	(188,4,58,18,185,'Choco Coffee','P',12500,4000,0,1,NULL,0),
	(189,4,59,18,207,'Kerupuk Panjang','P',2000,1500,0,1,NULL,0),
	(190,4,60,19,103,'Chicken Steak Mbok Rawit','P',35000,17500,0,1,NULL,0),
	(191,4,61,19,196,'Joyfull Of Love','P',12500,5000,0,1,NULL,0),
	(192,4,62,20,212,'Air Mineral Prima','P',2500,1300,0,1,NULL,0),
	(193,4,63,20,159,'Chicken Blackpepper','P',20000,20000,0,1,NULL,0),
	(194,4,64,20,27,'Cumi Cabe Kering ','P',25000,12500,0,1,NULL,0),
	(195,4,65,20,74,'Es Jeruk Jumbo','P',5500,2000,0,1,NULL,0),
	(196,4,66,20,72,'Jeruk Anget Jumbo','P',5000,2000,0,1,NULL,0),
	(197,4,67,20,56,'French Fries','P',10000,6000,0,1,NULL,0),
	(198,4,68,20,91,'Iced Cappuccino','P',7000,2000,0,1,NULL,0),
	(199,4,69,20,93,'Iced Chocolate','P',7000,2000,0,1,NULL,0),
	(200,4,70,20,40,'Kerang Ijo Mbok Rawit','P',15000,8000,0,1,NULL,0),
	(201,4,71,20,23,'Mie Tomyum Special Galau ','P',20000,11000,0,1,NULL,0),
	(202,4,72,20,59,'Nasi Putih','P',3500,2000,0,3,NULL,0),
	(203,4,73,20,227,'Soda Gembira','P',8000,3000,0,1,NULL,0),
	(204,4,74,20,46,'Srimping Mbok Rawit','P',17500,10000,0,1,NULL,0),
	(205,4,75,20,53,'Tahu Mbok Rawit','P',12500,7000,0,1,NULL,0),
	(206,4,76,21,218,'Surya Profesional Mild','P',11000,9950,0,1,NULL,0),
	(207,4,77,22,218,'Surya Profesional Mild','P',11000,9950,0,1,NULL,0),
	(208,4,78,23,218,'Surya Profesional Mild','P',11000,9950,0,1,NULL,0),
	(209,4,79,24,218,'Surya Profesional Mild','P',11000,9950,0,1,NULL,0),
	(210,4,80,25,226,'Kopi Hitam','P',5000,2000,0,1,NULL,0),
	(211,4,81,26,103,'Chicken Steak Mbok Rawit','P',35000,17500,0,1,NULL,0),
	(212,4,82,26,201,'Choco Banana Milk Regular','P',10000,6000,0,1,NULL,0),
	(213,4,83,26,11,'Mie Pedesh Seafood Suwung','P',15000,8000,0,1,NULL,0),
	(214,4,84,27,120,'Vanilla Grape Sensation Regular','P',7500,4500,0,1,NULL,0),
	(215,4,85,27,150,'Milko (Milky Oreo) Regular','P',8000,4500,0,1,NULL,0),
	(216,4,86,27,46,'Srimping Mbok Rawit','P',17500,10000,0,1,NULL,0),
	(217,4,87,27,53,'Tahu Mbok Rawit','P',12500,7000,0,1,NULL,0),
	(218,4,88,27,159,'Chicken Blackpepper','P',20000,20000,0,1,NULL,0),
	(219,4,89,27,59,'Nasi Putih','P',3500,2000,0,2,NULL,0),
	(220,4,90,28,51,'Udang Mbok Rawit','P',25000,12500,0,1,NULL,0),
	(221,4,91,28,28,'Cumi Mbok Rawit','P',25000,12500,0,1,NULL,0),
	(222,4,92,28,59,'Nasi Putih','P',3500,2000,0,1,NULL,0),
	(223,4,93,28,95,'Milkshake Chocolate','P',12000,5000,0,1,NULL,0),
	(224,4,94,29,207,'Kerupuk Panjang','P',2000,1500,0,1,NULL,0),
	(225,4,95,29,205,'Nasi Goreng Seafood','P',18000,5000,0,1,NULL,0),
	(226,4,96,29,51,'Udang Mbok Rawit','P',25000,12500,0,1,NULL,0),
	(227,4,97,29,59,'Nasi Putih','P',3500,2000,0,1,NULL,0),
	(228,4,98,29,53,'Tahu Mbok Rawit','P',12500,7000,0,1,NULL,0),
	(229,4,99,29,114,'Cocoa Milk Regular','P',8000,4500,0,1,NULL,0),
	(230,4,100,29,75,'Juice Strawberry','P',8000,4000,0,1,NULL,0),
	(231,4,101,30,207,'Kerupuk Panjang','P',2000,1500,0,1,NULL,0),
	(232,4,102,31,12,'Mie Pedesh Seafood Galau','P',15000,8000,0,1,NULL,0),
	(233,4,103,31,147,'Chocoberry Nut Regular','P',8000,4500,0,1,NULL,0),
	(234,4,104,32,39,'Kerang Ijo Lada Hitam ','P',15000,8000,0,1,NULL,0),
	(235,4,105,32,157,'Chicken Kungpou','P',20000,20000,0,1,NULL,0),
	(236,4,106,32,59,'Nasi Putih','P',3500,2000,0,2,NULL,0),
	(237,4,107,32,53,'Tahu Mbok Rawit','P',12500,7000,0,1,NULL,0),
	(238,4,108,32,73,'Es Jeruk','P',4500,2000,0,1,NULL,0),
	(239,4,109,32,64,'Es Teh Manis','P',2500,1000,0,1,NULL,0),
	(240,4,110,33,218,'Surya Profesional Mild','P',11000,9950,0,1,NULL,0),
	(241,4,111,34,53,'Tahu Mbok Rawit','P',12500,7000,0,1,NULL,0),
	(242,4,112,34,9,'Mie Pedesh Ayam Dewa','P',13500,8000,0,1,NULL,0),
	(243,4,113,34,158,'Chicken X.O.','P',20000,20000,0,1,NULL,0),
	(244,4,114,34,5,'Paket Kiddie A','P',19500,8500,0,1,NULL,0),
	(245,4,115,34,152,'Milko (Milky Oreo) King Size','P',12000,6500,0,1,NULL,0),
	(246,4,116,34,234,'Bubble Jelly King Size','P',2000,500,0,1,NULL,0),
	(247,4,117,35,28,'Cumi Mbok Rawit','P',25000,12500,0,1,NULL,0),
	(248,4,118,35,53,'Tahu Mbok Rawit','P',12500,7000,0,1,NULL,0),
	(249,4,119,35,159,'Chicken Blackpepper','P',20000,20000,0,1,NULL,0),
	(250,4,120,35,59,'Nasi Putih','P',3500,2000,0,3,NULL,0),
	(251,4,121,35,179,'Baby Buncis Garlic','P',15000,15000,0,1,NULL,0),
	(252,4,122,35,66,'Es Teh Manis Jumbo','P',3500,1000,0,3,NULL,0),
	(253,4,123,36,207,'Kerupuk Panjang','P',2000,1500,0,1,NULL,0),
	(254,4,124,36,13,'Mie Pedesh Special Suwung','P',17500,10000,0,1,NULL,0),
	(255,4,125,36,63,'Teh Manis','P',2000,1000,0,1,NULL,0),
	(256,4,126,36,57,'Singkong Keju','P',12500,7000,0,1,NULL,0),
	(257,4,127,36,108,'Chicken Cordon Bleu','P',16000,8500,0,1,NULL,0),
	(258,4,128,36,107,'Fish & Chip ','P',16000,8500,0,1,NULL,0),
	(259,4,129,36,162,'Chicken Asam Manis','P',22500,22500,0,1,NULL,0),
	(260,4,130,36,106,'Seafood Basket','P',14500,8000,0,1,NULL,0),
	(261,4,131,36,30,'Gurami Asam Manis ','P',45000,25000,0,1,NULL,0),
	(262,4,132,36,59,'Nasi Putih','P',3500,2000,0,2,NULL,0),
	(263,4,133,36,66,'Es Teh Manis Jumbo','P',3500,1000,0,3,NULL,0),
	(264,4,134,36,212,'Air Mineral Prima','P',2500,1300,0,1,NULL,0),
	(265,4,135,36,73,'Es Jeruk','P',4500,2000,0,1,NULL,0),
	(266,4,136,36,150,'Milko (Milky Oreo) Regular','P',8000,4500,0,1,NULL,0),
	(267,4,137,37,157,'Chicken Kungpou','P',20000,20000,0,1,NULL,0),
	(268,4,138,37,38,'Kerang Ijo Asam Manis','P',15000,8000,0,1,NULL,0),
	(269,4,139,37,7,'Mie Pedesh Ayam Suwung','P',12500,7500,0,1,NULL,0),
	(270,4,140,37,115,'Cocoa Milk King Size','P',12000,6500,0,1,NULL,0),
	(271,4,141,37,152,'Milko (Milky Oreo) King Size','P',12000,6500,0,1,NULL,0),
	(272,4,142,37,120,'Vanilla Grape Sensation Regular','P',7500,4500,0,0,NULL,0),
	(273,4,143,37,59,'Nasi Putih','P',3500,2000,0,1,NULL,0),
	(274,4,144,38,19,'Mie Tomyum Seafood Suwung','P',18000,10000,0,2,NULL,0),
	(275,4,145,38,207,'Kerupuk Panjang','P',2000,1500,0,1,NULL,0),
	(276,4,146,38,56,'French Fries','P',10000,6000,0,1,NULL,0),
	(277,4,147,38,76,'Juice Avocado','P',8000,4000,0,1,NULL,0),
	(278,4,148,38,68,'Es Lemon Tea ','P',4500,2000,0,1,NULL,0),
	(279,4,149,39,218,'Surya Profesional Mild','P',11000,9950,0,1,NULL,0),
	(280,4,150,40,110,'Spaghetti Carbonara','P',14000,7500,0,1,NULL,0),
	(281,4,151,40,104,'Fruit Salad','P',8500,4000,0,1,NULL,0),
	(282,4,152,40,49,'Udang Lada Hitam ','P',25000,12500,0,1,NULL,0),
	(283,4,153,40,59,'Nasi Putih','P',3500,2000,0,1,NULL,0),
	(284,4,154,40,5,'Paket Kiddie A','P',19500,8500,0,1,NULL,0),
	(285,4,155,40,152,'Milko (Milky Oreo) King Size','P',12000,6500,0,1,NULL,0),
	(286,4,156,40,139,'Berry Blast King Size','P',11000,5500,0,1,NULL,0),
	(287,4,157,40,126,'Blue Dragon Regular','P',7500,4500,0,0,NULL,0),
	(288,4,158,41,108,'Chicken Cordon Bleu','P',16000,8500,0,2,NULL,0),
	(289,4,159,41,109,'Big Burger Mbok Rawit','P',14000,7500,0,1,NULL,0),
	(290,4,160,41,152,'Milko (Milky Oreo) King Size','P',12000,6500,0,2,NULL,0),
	(291,4,161,41,154,'Cappuccino Regular','P',8000,4500,0,0,NULL,0),
	(292,4,162,42,20,'Mie Tomyum Seafood Galau','P',18000,10000,0,1,NULL,0),
	(293,4,163,42,44,'Srimping Lada Hitam ','P',17500,10000,0,1,NULL,0),
	(294,4,164,42,59,'Nasi Putih','P',3500,2000,0,1,NULL,0),
	(295,4,165,42,133,'Lychee Cooler King Size','P',11000,5500,0,1,NULL,0),
	(296,4,166,42,121,'Vanilla Grape Sensation King Size','P',11000,5500,0,1,NULL,0),
	(297,4,167,42,117,'Strawberry Wakwaw Regular','P',7500,4500,0,0,NULL,0),
	(298,4,168,42,105,'Crispy Calamary Ring','P',14500,8000,0,1,NULL,0),
	(299,4,169,43,205,'Nasi Goreng Seafood','P',18000,5000,0,1,NULL,0),
	(300,4,170,43,204,'Nasi Goreng Mbok Rawit','P',25000,11500,0,1,NULL,0),
	(301,4,171,43,25,'Cumi Asam Manis','P',25000,12500,0,1,NULL,0),
	(302,4,172,43,104,'Fruit Salad','P',8500,4000,0,2,NULL,0),
	(303,4,173,43,45,'Srimping Cabe Kering ','P',17500,10000,0,1,NULL,0),
	(304,4,174,43,53,'Tahu Mbok Rawit','P',12500,7000,0,1,NULL,0),
	(305,4,175,43,111,'BBM (Banana Berry Milk) Regular','P',8000,4500,0,1,NULL,0),
	(306,4,176,43,67,'Lemon Tea Anget','P',4000,2000,0,1,NULL,0),
	(307,4,177,44,215,'Gudang Garam Signature','P',11500,10550,0,1,NULL,0),
	(308,4,178,45,65,'Teh Manis Jumbo','P',3000,1000,0,1,NULL,0),
	(309,4,179,45,77,'Juice Tomato','P',8000,4000,0,1,NULL,0),
	(310,4,180,45,9,'Mie Pedesh Ayam Dewa','P',13500,8000,0,1,NULL,0),
	(311,4,181,45,182,'Karedok','P',10000,4000,0,1,NULL,0),
	(312,4,182,45,59,'Nasi Putih','P',3500,2000,0,1,NULL,0),
	(313,4,183,45,53,'Tahu Mbok Rawit','P',12500,7000,0,1,NULL,0),
	(314,4,184,46,86,'Hot Cappuccino','P',6000,2000,0,1,NULL,0),
	(315,4,185,46,197,'Vanilla Pinky Regular','P',10000,6000,0,1,NULL,0),
	(316,4,186,46,141,'MLT (Milk Lychee Tea) Regular','P',8000,4500,0,1,NULL,0),
	(317,4,187,46,68,'Es Lemon Tea ','P',4500,2000,0,2,NULL,0),
	(318,4,188,46,203,'Nasi Goreng Hokian','P',20000,8000,0,1,NULL,0),
	(319,4,189,46,17,'Mie Tomyum Ayam Galau','P',16000,10000,0,1,NULL,0),
	(320,4,190,46,212,'Air Mineral Prima','P',2500,1300,0,1,NULL,0),
	(321,4,191,47,207,'Kerupuk Panjang','P',2000,1500,0,1,NULL,0),
	(322,1,131,61,13,'Ayam Bakar Petis Udang Spesial','P',7500,5000,0,2,NULL,0),
	(323,1,132,61,4,'Ayam Bakar Kecap Manis','P',10000,6000,0,1,NULL,0),
	(324,1,133,62,4,'Ayam Bakar Kecap Manis','P',10000,6000,0,2,NULL,0),
	(325,1,134,62,14,'Ayam Asam Manis','P',7500,6000,0,3,NULL,0),
	(326,1,135,63,10,'Ayam Balado Sambal Pete','P',6500,6500,0,1,NULL,0),
	(327,1,136,63,2,'Bakso Sapi Spesial Jamur Merang','P',8000,8000,0,2,NULL,0),
	(328,1,137,64,13,'Ayam Bakar Petis Udang Spesial','P',7500,5000,0,1,NULL,0),
	(329,1,138,64,15,'Cah Kangkung','P',7500,7500,0,2,NULL,0),
	(330,1,139,64,10,'Ayam Balado Sambal Pete','P',6500,6500,0,2,NULL,0),
	(331,2,1,1,36,'Ailee','P',289000,239000,0,1,NULL,0),
	(332,2,2,1,2,'Elsa','P',100000,75000,0,1,NULL,0),
	(333,2,3,1,37,'Striped Neola','P',209000,159000,0,1,NULL,0),
	(334,2,4,2,22,'Muzza','P',280000,200000,0,1,NULL,0),
	(335,2,5,2,33,'Ciciyo','P',229000,179000,0,1,NULL,0),
	(336,2,6,2,16,'Yoemi','P',325000,250000,0,2,NULL,0),
	(337,2,7,2,41,'Amyta Cardi','P',165000,100000,0,1,NULL,0),
	(338,2,8,3,15,'Alba','P',165000,100000,0,1,NULL,0),
	(339,2,9,3,42,'Ariana','P',185000,150000,0,1,NULL,0),
	(340,2,10,3,43,'Marwah ','P',140000,90000,0,1,NULL,0),
	(341,2,11,3,11,'Ninja Antem','P',95000,50000,0,2,NULL,0),
	(342,2,12,4,45,'Vurla Scraf','P',65000,45000,0,1,NULL,0),
	(343,2,13,4,5,'Elsafa','P',100000,75000,0,2,NULL,0),
	(344,2,14,4,29,'Pax','P',320000,250000,0,1,NULL,0),
	(345,2,15,4,14,'Greysa','P',250000,175000,0,1,NULL,0),
	(346,2,16,5,35,'Bambi Tops','P',189000,139000,0,1,NULL,0),
	(347,2,17,5,3,'Long Syiria','P',100000,75000,0,1,NULL,0),
	(348,2,18,5,23,'Diara','P',325000,250000,0,1,NULL,0),
	(349,2,19,6,31,'Gianna','P',269000,200000,0,1,NULL,0),
	(350,2,20,6,39,'Amanda','P',135000,85000,0,1,NULL,0),
	(351,2,21,6,1,'Alaia ','P',100000,75000,0,1,NULL,0),
	(352,2,22,7,5,'Elsafa','P',100000,75000,0,1,NULL,0),
	(353,2,23,7,22,'Muzza','P',280000,200000,0,1,NULL,0),
	(354,2,24,7,24,'Zavina','P',220000,150000,0,1,NULL,0),
	(355,4,192,48,62,'Wedang Roti ','P',8000,5000,0,1,NULL,0),
	(356,4,193,49,208,'Pangsit','P',2000,1500,0,1,NULL,0),
	(357,4,194,49,199,'Orange Bawah Sadar Regular','P',10000,6000,0,1,NULL,0),
	(358,4,195,49,94,'Milkshake Strawberry','P',12000,5000,0,1,NULL,0),
	(359,4,196,49,182,'Karedok','P',10000,4000,0,1,NULL,0),
	(360,4,197,50,235,'Mie Pedesh Polos','P',10000,4000,0,1,NULL,0),
	(361,4,198,50,62,'Wedang Roti ','P',8000,5000,0,1,NULL,0),
	(362,4,199,50,182,'Karedok','P',10000,4000,0,1,NULL,0),
	(363,4,200,50,169,'Sawi Putih Goreng Telur','P',15000,5000,0,1,NULL,0),
	(364,4,201,51,102,'Beef Steak Mbok Rawit','P',55000,32000,0,1,NULL,0),
	(365,4,202,51,205,'Nasi Goreng Seafood','P',18000,5000,0,1,NULL,0),
	(366,4,203,51,47,'Srimping Mentega','P',17500,10000,0,1,NULL,0),
	(367,4,204,51,60,'Onion Ring ','P',7500,4000,0,1,NULL,0),
	(368,4,205,51,65,'Teh Manis Jumbo','P',3000,1000,0,1,NULL,0),
	(369,4,206,51,193,'Sorrow Of Love','P',12500,5000,0,1,NULL,0),
	(370,4,207,52,41,'Kerang Ijo Cabe Kering ','P',15000,8000,0,1,NULL,0),
	(371,4,208,52,59,'Nasi Putih','P',3500,2000,0,1,NULL,0),
	(372,4,209,52,20,'Mie Tomyum Seafood Galau','P',18000,10000,0,1,NULL,0),
	(373,4,210,52,55,'Pisang Bakar ','P',12500,7000,0,1,NULL,0),
	(374,4,211,52,64,'Es Teh Manis','P',2500,1000,0,2,NULL,0),
	(375,4,212,52,120,'Vanilla Grape Sensation Regular','P',7500,4500,0,1,NULL,0),
	(376,4,213,53,19,'Mie Tomyum Seafood Suwung','P',18000,10000,0,1,NULL,0),
	(377,4,214,53,11,'Mie Pedesh Seafood Suwung','P',15000,8000,0,1,NULL,0),
	(378,4,215,53,45,'Srimping Cabe Kering ','P',17500,10000,0,1,NULL,0),
	(379,4,216,54,184,'Banana Coffee','P',12500,4000,0,1,NULL,0),
	(380,4,217,54,11,'Mie Pedesh Seafood Suwung','P',15000,8000,0,1,NULL,0),
	(381,4,218,54,75,'Juice Strawberry','P',8000,4000,0,1,NULL,0),
	(382,4,219,55,158,'Chicken X.O.','P',20000,20000,0,1,NULL,0),
	(383,4,220,56,207,'Kerupuk Panjang','P',2000,1500,0,2,NULL,0),
	(384,4,221,56,34,'Kepiting Lada Hitam ','P',80000,45000,0,1,NULL,0),
	(385,4,222,56,205,'Nasi Goreng Seafood','P',18000,5000,0,1,NULL,0),
	(386,4,223,56,38,'Kerang Ijo Asam Manis','P',15000,8000,0,1,NULL,0),
	(387,4,224,56,182,'Karedok','P',10000,4000,0,1,NULL,0),
	(388,4,225,56,53,'Tahu Mbok Rawit','P',12500,7000,0,1,NULL,0),
	(389,4,226,56,24,'Mie Tomyum Special Dewa','P',21000,12000,0,1,NULL,0),
	(390,4,227,56,59,'Nasi Putih','P',3500,2000,0,1,NULL,0),
	(391,4,228,56,116,'Cocoa Milk Hot','P',11000,5500,0,1,NULL,0),
	(392,4,229,56,64,'Es Teh Manis','P',2500,1000,0,1,NULL,0),
	(393,4,230,56,63,'Teh Manis','P',2000,1000,0,3,NULL,0),
	(394,4,231,57,219,'GG Mild ','P',11600,10850,0,1,NULL,0),
	(395,4,232,58,207,'Kerupuk Panjang','P',2000,1500,0,1,NULL,0),
	(396,4,233,58,208,'Pangsit','P',2000,1500,0,1,NULL,0),
	(397,4,234,58,63,'Teh Manis','P',2000,1000,0,1,NULL,0),
	(398,4,235,58,16,'Mie Tomyum Ayam Suwung','P',16000,10000,0,1,NULL,0),
	(399,4,236,58,20,'Mie Tomyum Seafood Galau','P',18000,10000,0,1,NULL,0),
	(400,4,237,58,126,'Blue Dragon Regular','P',7500,4500,0,1,NULL,0),
	(401,4,238,58,70,'Es Lemon Tea Jumbo','P',5500,2000,0,1,NULL,0),
	(402,4,239,59,229,'Mendoan','P',7500,2500,0,1,NULL,0),
	(403,4,240,59,17,'Mie Tomyum Ayam Galau','P',16000,10000,0,1,NULL,0),
	(404,4,241,59,65,'Teh Manis Jumbo','P',3000,1000,0,1,NULL,0),
	(405,4,242,60,156,'Cappuccino Hot','P',11000,5500,0,1,NULL,0),
	(406,4,243,60,112,'BBM (Banana Berry Milk) King Size','P',12000,6500,0,1,NULL,0),
	(407,4,244,60,126,'Blue Dragon Regular','P',7500,4500,0,0,NULL,0),
	(408,4,245,60,205,'Nasi Goreng Seafood','P',18000,5000,0,1,NULL,0),
	(409,4,246,61,59,'Nasi Putih','P',3500,2000,0,2,NULL,0),
	(410,4,247,61,43,'Srimping Asam Manis','P',17500,10000,0,1,NULL,0),
	(411,4,248,61,28,'Cumi Mbok Rawit','P',25000,12500,0,1,NULL,0),
	(412,4,249,61,39,'Kerang Ijo Lada Hitam ','P',15000,8000,0,1,NULL,0),
	(413,4,250,61,19,'Mie Tomyum Seafood Suwung','P',18000,10000,0,1,NULL,0),
	(414,4,251,61,53,'Tahu Mbok Rawit','P',12500,7000,0,1,NULL,0),
	(415,4,252,61,63,'Teh Manis','P',2000,1000,0,4,NULL,0),
	(416,4,253,61,76,'Juice Avocado','P',8000,4000,0,2,NULL,0),
	(417,4,254,61,105,'Crispy Calamary Ring','P',14500,8000,0,1,NULL,0),
	(418,4,255,61,207,'Kerupuk Panjang','P',2000,1500,0,3,NULL,0),
	(419,4,256,62,41,'Kerang Ijo Cabe Kering ','P',15000,8000,0,1,NULL,0),
	(420,4,257,62,26,'Cumi Lada Hitam','P',25000,12500,0,1,NULL,0),
	(421,4,258,62,175,'Brokoli Tauco','P',15000,6500,0,1,NULL,0),
	(422,4,259,62,59,'Nasi Putih','P',3500,2000,0,2,NULL,0),
	(423,4,260,62,87,'Hot Chocolate','P',6000,2000,0,1,NULL,0),
	(424,4,261,62,71,'Jeruk Anget','P',4000,2000,0,1,NULL,0),
	(425,4,262,63,220,'GG Shiver','P',11600,10850,0,2,NULL,0),
	(426,4,263,64,25,'Cumi Asam Manis','P',25000,12500,0,1,NULL,0),
	(427,4,264,64,59,'Nasi Putih','P',3500,2000,0,2,NULL,0),
	(428,4,265,64,23,'Mie Tomyum Special Galau ','P',20000,11000,0,1,NULL,0),
	(429,4,266,64,108,'Chicken Cordon Bleu','P',16000,8500,0,1,NULL,0),
	(430,4,267,64,195,'Lime Squash','P',12500,5000,0,1,NULL,0),
	(431,4,268,64,76,'Juice Avocado','P',8000,4000,0,1,NULL,0),
	(432,4,269,64,127,'Blue Dragon King Size','P',11000,5500,0,1,NULL,0),
	(433,4,270,65,33,'Kepiting Asam Manis ','P',80000,45000,0,1,NULL,0),
	(434,4,271,65,59,'Nasi Putih','P',3500,2000,0,1,NULL,0),
	(435,4,272,65,103,'Chicken Steak Mbok Rawit','P',35000,17500,0,1,NULL,0),
	(436,4,273,65,204,'Nasi Goreng Mbok Rawit','P',25000,11500,0,1,NULL,0),
	(437,4,274,65,55,'Pisang Bakar ','P',12500,7000,0,1,NULL,0),
	(438,4,275,65,75,'Juice Strawberry','P',8000,4000,0,1,NULL,0),
	(439,4,276,65,63,'Teh Manis','P',2000,1000,0,2,NULL,0),
	(440,4,277,66,20,'Mie Tomyum Seafood Galau','P',18000,10000,0,1,NULL,0),
	(441,4,278,66,17,'Mie Tomyum Ayam Galau','P',16000,10000,0,1,NULL,0),
	(442,4,279,66,5,'Paket Kiddie A','P',19500,8500,0,1,NULL,0),
	(443,4,280,66,118,'Strawberry Wakwaw King Size','P',11000,5500,0,1,NULL,0),
	(444,4,281,66,115,'Cocoa Milk King Size','P',12000,6500,0,1,NULL,0),
	(445,4,282,66,150,'Milko (Milky Oreo) Regular','P',8000,4500,0,0,NULL,0),
	(446,4,283,66,64,'Es Teh Manis','P',2500,1000,0,1,NULL,0),
	(447,4,284,66,210,'Camilan','P',2000,1500,0,1,NULL,0),
	(448,4,285,66,207,'Kerupuk Panjang','P',2000,1500,0,1,NULL,0),
	(449,4,286,67,16,'Mie Tomyum Ayam Suwung','P',16000,10000,0,1,NULL,0),
	(450,4,287,67,43,'Srimping Asam Manis','P',17500,10000,0,1,NULL,0),
	(451,4,288,67,205,'Nasi Goreng Seafood','P',18000,5000,0,1,NULL,0),
	(452,4,289,67,114,'Cocoa Milk Regular','P',8000,4500,0,1,NULL,0),
	(453,4,290,67,72,'Jeruk Anget Jumbo','P',5000,2000,0,1,NULL,0),
	(454,4,291,67,212,'Air Mineral Prima','P',2500,1300,0,1,NULL,0),
	(455,4,292,68,14,'Mie Pedesh Special Galau','P',17500,10000,0,2,NULL,0),
	(456,4,293,68,229,'Mendoan','P',7500,2500,0,1,NULL,0),
	(457,4,294,68,120,'Vanilla Grape Sensation Regular','P',7500,4500,0,1,NULL,0),
	(458,4,295,68,145,'Chocoberry King Size','P',11000,5500,0,0,NULL,0),
	(459,4,296,68,155,'Cappuccino King Size','P',12000,6500,0,0,NULL,0),
	(460,4,297,68,156,'Cappuccino Hot','P',11000,5500,0,1,NULL,0),
	(461,4,298,68,146,'Chocoberry Hot','P',10000,5000,0,1,NULL,0),
	(462,4,299,69,212,'Air Mineral Prima','P',2500,1300,0,2,NULL,0),
	(463,4,300,69,210,'Camilan','P',2000,1500,0,3,NULL,0),
	(464,4,301,69,48,'Udang Asam Manis','P',25000,12500,0,1,NULL,0),
	(465,4,302,69,20,'Mie Tomyum Seafood Galau','P',18000,10000,0,1,NULL,0),
	(466,4,303,69,167,'Udang Pedas Telur Asin','P',30000,30000,0,1,NULL,0),
	(467,4,304,69,15,'Mie Pedesh Special Dewa','P',18500,10000,0,1,NULL,0),
	(468,4,305,69,59,'Nasi Putih','P',3500,2000,0,2,NULL,0),
	(469,4,306,69,133,'Lychee Cooler King Size','P',11000,5500,0,1,NULL,0),
	(470,4,307,69,127,'Blue Dragon King Size','P',11000,5500,0,1,NULL,0),
	(471,4,308,69,195,'Lime Squash','P',12500,5000,0,1,NULL,0),
	(472,4,309,69,120,'Vanilla Grape Sensation Regular','P',7500,4500,0,0,NULL,0),
	(473,4,310,70,207,'Kerupuk Panjang','P',2000,1500,0,1,NULL,0),
	(474,4,311,70,164,'Beef Blackpepper','P',38000,38000,0,1,NULL,0),
	(475,4,312,70,168,'Udang Bakar','P',25000,25000,0,1,NULL,0),
	(476,4,313,70,25,'Cumi Asam Manis','P',25000,12500,0,1,NULL,0),
	(477,4,314,70,99,'Iga Barbeque Mbok Rawit','P',55000,32000,0,1,NULL,0),
	(478,4,315,70,59,'Nasi Putih','P',3500,2000,0,4,NULL,0),
	(479,4,316,70,206,'Air Mineral','P',1000,500,0,1,NULL,0),
	(480,4,317,70,195,'Lime Squash','P',12500,5000,0,1,NULL,0),
	(481,4,318,70,71,'Jeruk Anget','P',4000,2000,0,1,NULL,0),
	(482,4,319,70,83,'Hot Vanilla Latte','P',5000,2000,0,1,NULL,0),
	(483,4,320,71,53,'Tahu Mbok Rawit','P',12500,7000,0,2,NULL,0),
	(484,4,321,71,28,'Cumi Mbok Rawit','P',25000,12500,0,1,NULL,0),
	(485,4,322,71,172,'Baby Buncis Tauco','P',15000,15000,0,1,NULL,0),
	(486,4,323,71,11,'Mie Pedesh Seafood Suwung','P',15000,8000,0,1,NULL,0),
	(487,4,324,71,59,'Nasi Putih','P',3500,2000,0,3,NULL,0),
	(488,4,325,71,106,'Seafood Basket','P',14500,8000,0,1,NULL,0),
	(489,4,326,71,83,'Hot Vanilla Latte','P',5000,2000,0,1,NULL,0),
	(490,4,327,71,61,'Wedang Seger','P',8000,5000,0,1,NULL,0),
	(491,4,328,71,211,'Kacang Telor','P',1500,1000,0,1,NULL,0),
	(492,4,329,71,210,'Camilan','P',2000,1500,0,1,NULL,0),
	(493,4,330,72,206,'Air Mineral','P',1000,500,0,1,NULL,0),
	(494,4,331,72,10,'Mie Pedesh Seafood Dewa','P',16000,9000,0,1,NULL,0),
	(495,4,332,72,21,'Mie Tomyum Seafood Dewa','P',19000,11000,0,1,NULL,0),
	(496,4,333,73,215,'Gudang Garam Signature','P',11500,10550,0,1,NULL,0),
	(497,4,334,74,27,'Cumi Cabe Kering ','P',25000,12500,0,2,NULL,0),
	(498,4,335,74,59,'Nasi Putih','P',3500,2000,0,2,NULL,0),
	(499,4,336,74,66,'Es Teh Manis Jumbo','P',3500,1000,0,2,NULL,0),
	(500,4,337,75,210,'Camilan','P',2000,1500,0,2,NULL,0),
	(501,4,338,75,145,'Chocoberry King Size','P',11000,5500,0,1,NULL,0),
	(502,4,339,75,124,'Angel Kiss King Size','P',11000,5500,0,1,NULL,0),
	(503,4,340,75,120,'Vanilla Grape Sensation Regular','P',7500,4500,0,1,NULL,0),
	(504,4,341,75,103,'Chicken Steak Mbok Rawit','P',35000,17500,0,1,NULL,0),
	(505,4,342,75,32,'Gurami Mbok Rawit','P',45000,25000,0,1,NULL,0),
	(506,4,343,75,157,'Chicken Kungpou','P',20000,20000,0,1,NULL,0),
	(507,4,344,75,59,'Nasi Putih','P',3500,2000,0,3,NULL,0),
	(508,4,345,75,144,'Chocoberry Regular','P',7500,4500,0,0,NULL,0),
	(509,4,346,75,53,'Tahu Mbok Rawit','P',12500,7000,0,1,NULL,0),
	(510,4,347,76,152,'Milko (Milky Oreo) King Size','P',12000,6500,0,1,NULL,0),
	(511,4,348,76,118,'Strawberry Wakwaw King Size','P',11000,5500,0,1,NULL,0),
	(512,4,349,76,144,'Chocoberry Regular','P',7500,4500,0,1,NULL,0),
	(513,4,350,76,60,'Onion Ring ','P',7500,4000,0,1,NULL,0),
	(514,4,351,76,53,'Tahu Mbok Rawit','P',12500,7000,0,1,NULL,0),
	(515,4,352,77,55,'Pisang Bakar ','P',12500,7000,0,1,NULL,0),
	(516,4,353,77,114,'Cocoa Milk Regular','P',8000,4500,0,1,NULL,0),
	(517,4,354,77,111,'BBM (Banana Berry Milk) Regular','P',8000,4500,0,1,NULL,0),
	(518,4,355,78,211,'Kacang Telor','P',1500,1000,0,1,NULL,0),
	(519,4,356,78,210,'Camilan','P',2000,1500,0,1,NULL,0),
	(520,4,357,79,65,'Teh Manis Jumbo','P',3000,1000,0,1,NULL,0),
	(521,4,358,80,65,'Teh Manis Jumbo','P',3000,1000,0,1,NULL,0),
	(522,4,359,81,106,'Seafood Basket','P',14500,8000,0,1,NULL,0),
	(523,4,360,81,19,'Mie Tomyum Seafood Suwung','P',18000,10000,0,1,NULL,0),
	(524,4,361,81,59,'Nasi Putih','P',3500,2000,0,1,NULL,0),
	(525,4,362,81,204,'Nasi Goreng Mbok Rawit','P',25000,11500,0,1,NULL,0),
	(526,4,363,81,113,'BBM (Banana Berry Milk) Hot','P',11000,5500,0,1,NULL,0),
	(527,4,364,81,61,'Wedang Seger','P',8000,5000,0,1,NULL,0),
	(528,4,365,81,207,'Kerupuk Panjang','P',2000,1500,0,1,NULL,0),
	(529,4,366,81,208,'Pangsit','P',2000,1500,0,1,NULL,0),
	(530,4,367,82,220,'GG Shiver','P',11600,10850,0,1,NULL,0),
	(531,4,368,83,111,'BBM (Banana Berry Milk) Regular','P',8000,4500,0,1,NULL,0),
	(532,4,369,83,154,'Cappuccino Regular','P',8000,4500,0,1,NULL,0),
	(533,4,370,83,56,'French Fries','P',10000,6000,0,1,NULL,0),
	(534,4,371,83,211,'Kacang Telor','P',1500,1000,0,1,NULL,0),
	(535,4,372,84,237,'Topping Cherry','P',2000,1000,0,1,NULL,0),
	(536,4,373,84,232,'Roll Wafer','P',1000,500,0,1,NULL,0),
	(537,4,374,84,76,'Juice Avocado','P',8000,4000,0,1,NULL,0),
	(538,4,375,84,112,'BBM (Banana Berry Milk) King Size','P',12000,6500,0,1,NULL,0),
	(539,4,376,84,67,'Lemon Tea Anget','P',4000,2000,0,1,NULL,0),
	(540,4,377,84,64,'Es Teh Manis','P',2500,1000,0,1,NULL,0),
	(541,4,378,84,205,'Nasi Goreng Seafood','P',18000,5000,0,2,NULL,0),
	(542,4,379,84,104,'Fruit Salad','P',8500,4000,0,1,NULL,0),
	(543,4,380,84,103,'Chicken Steak Mbok Rawit','P',35000,17500,0,1,NULL,0),
	(544,4,381,84,56,'French Fries','P',10000,6000,0,1,NULL,0),
	(545,4,382,85,20,'Mie Tomyum Seafood Galau','P',18000,10000,0,1,NULL,0),
	(546,4,383,85,105,'Crispy Calamary Ring','P',14500,8000,0,1,NULL,0),
	(547,4,384,85,108,'Chicken Cordon Bleu','P',16000,8500,0,1,NULL,0),
	(548,4,385,85,59,'Nasi Putih','P',3500,2000,0,1,NULL,0),
	(549,4,386,85,239,' Milk Plain King Size','P',6000,2500,0,1,NULL,0),
	(550,4,387,85,145,'Chocoberry King Size','P',11000,5500,0,1,NULL,0),
	(551,4,388,85,210,'Camilan','P',2000,1500,0,2,NULL,0),
	(552,4,389,86,210,'Camilan','P',2000,1500,0,1,NULL,0),
	(553,4,390,86,18,'Mie Tomyum Ayam Dewa','P',17000,10000,0,1,NULL,0),
	(554,4,391,86,21,'Mie Tomyum Seafood Dewa','P',19000,11000,0,2,NULL,0),
	(555,4,392,86,53,'Tahu Mbok Rawit','P',12500,7000,0,1,NULL,0),
	(556,4,393,86,20,'Mie Tomyum Seafood Galau','P',18000,10000,0,1,NULL,0),
	(557,4,394,86,56,'French Fries','P',10000,6000,0,1,NULL,0),
	(558,4,395,86,105,'Crispy Calamary Ring','P',14500,8000,0,1,NULL,0),
	(559,4,396,86,57,'Singkong Keju','P',12500,7000,0,1,NULL,0),
	(560,4,397,86,152,'Milko (Milky Oreo) King Size','P',12000,6500,0,3,NULL,0),
	(561,4,398,86,153,'Milko (Milky Oreo) Hot','P',11000,5500,0,1,NULL,0),
	(562,4,399,86,116,'Cocoa Milk Hot','P',11000,5500,0,1,NULL,0),
	(563,4,400,87,107,'Fish & Chip ','P',16000,8500,0,0,NULL,0),
	(564,4,401,87,16,'Mie Tomyum Ayam Suwung','P',16000,10000,0,0,NULL,0),
	(565,4,402,87,160,'Chicken Mbok Rawit','P',22500,22500,0,0,NULL,0),
	(566,4,403,87,197,'Vanilla Pinky Regular','P',10000,6000,0,0,NULL,0),
	(567,4,404,87,76,'Juice Avocado','P',8000,4000,0,0,NULL,0),
	(568,4,405,87,59,'Nasi Putih','P',3500,2000,0,0,NULL,0),
	(569,4,406,87,210,'Camilan','P',2000,1500,0,1,NULL,0),
	(570,4,407,87,22,'Mie Tomyum Special Suwung','P',20000,11000,0,1,NULL,0),
	(571,4,408,87,108,'Chicken Cordon Bleu','P',16000,8500,0,1,NULL,0),
	(572,4,409,87,53,'Tahu Mbok Rawit','P',12500,7000,0,1,NULL,0),
	(573,4,410,87,187,'Moccacino Coffee','P',12500,4000,0,1,NULL,0),
	(574,4,411,87,73,'Es Jeruk','P',4500,2000,0,1,NULL,0),
	(575,4,412,88,47,'Srimping Mentega','P',17500,10000,0,1,NULL,0),
	(576,4,413,88,204,'Nasi Goreng Mbok Rawit','P',25000,11500,0,1,NULL,0),
	(577,4,414,88,108,'Chicken Cordon Bleu','P',16000,8500,0,1,NULL,0),
	(578,4,415,88,63,'Teh Manis','P',2000,1000,0,1,NULL,0),
	(579,4,416,88,91,'Iced Cappuccino','P',7000,2000,0,1,NULL,0),
	(580,4,417,89,39,'Kerang Ijo Lada Hitam ','P',15000,8000,0,1,NULL,0),
	(581,4,418,89,57,'Singkong Keju','P',12500,7000,0,1,NULL,0),
	(582,4,419,89,66,'Es Teh Manis Jumbo','P',3500,1000,0,1,NULL,0),
	(583,4,420,89,63,'Teh Manis','P',2000,1000,0,1,NULL,0),
	(584,4,421,89,206,'Air Mineral','P',1000,500,0,1,NULL,0),
	(585,4,422,89,9,'Mie Pedesh Ayam Dewa','P',13500,8000,0,1,NULL,0),
	(586,4,423,90,107,'Fish & Chip ','P',16000,8500,0,1,NULL,0),
	(587,4,424,90,16,'Mie Tomyum Ayam Suwung','P',16000,10000,0,1,NULL,0),
	(588,4,425,90,160,'Chicken Mbok Rawit','P',22500,22500,0,1,NULL,0),
	(589,4,426,90,197,'Vanilla Pinky Regular','P',10000,6000,0,1,NULL,0),
	(590,4,427,90,76,'Juice Avocado','P',8000,4000,0,1,NULL,0),
	(591,4,428,90,59,'Nasi Putih','P',3500,2000,0,1,NULL,0),
	(592,4,429,90,210,'Camilan','P',2000,1500,0,2,NULL,0),
	(593,4,430,90,206,'Air Mineral','P',1000,500,0,1,NULL,0),
	(594,4,431,91,109,'Big Burger Mbok Rawit','P',14000,7500,0,1,NULL,0),
	(595,4,432,91,205,'Nasi Goreng Seafood','P',18000,5000,0,1,NULL,0),
	(596,4,433,91,185,'Choco Coffee','P',12500,4000,0,1,NULL,0),
	(597,4,434,91,97,'Milkshake Vanilla','P',12000,5000,0,1,NULL,0),
	(598,4,435,91,210,'Camilan','P',2000,1500,0,1,NULL,0),
	(599,4,436,92,17,'Mie Tomyum Ayam Galau','P',16000,10000,0,1,NULL,0),
	(600,4,437,92,15,'Mie Pedesh Special Dewa','P',18500,10000,0,1,NULL,0),
	(601,4,438,92,112,'BBM (Banana Berry Milk) King Size','P',12000,6500,0,1,NULL,0),
	(602,4,439,92,124,'Angel Kiss King Size','P',11000,5500,0,1,NULL,0),
	(603,4,440,92,154,'Cappuccino Regular','P',8000,4500,0,0,NULL,0),
	(604,4,441,92,210,'Camilan','P',2000,1500,0,1,NULL,0),
	(605,4,442,92,207,'Kerupuk Panjang','P',2000,1500,0,2,NULL,0),
	(606,4,443,93,56,'French Fries','P',10000,6000,0,1,NULL,0),
	(607,4,444,93,133,'Lychee Cooler King Size','P',11000,5500,0,1,NULL,0),
	(608,4,445,93,112,'BBM (Banana Berry Milk) King Size','P',12000,6500,0,1,NULL,0),
	(609,4,446,93,117,'Strawberry Wakwaw Regular','P',7500,4500,0,0,NULL,0),
	(610,4,447,94,7,'Mie Pedesh Ayam Suwung','P',12500,7500,0,1,NULL,0),
	(611,4,448,94,8,'Mie Pedesh Ayam Galau','P',12500,7500,0,2,NULL,0),
	(612,4,449,94,64,'Es Teh Manis','P',2500,1000,0,1,NULL,0),
	(613,4,450,94,206,'Air Mineral','P',1000,500,0,2,NULL,0),
	(614,4,451,95,19,'Mie Tomyum Seafood Suwung','P',18000,10000,0,1,NULL,0),
	(615,4,452,95,38,'Kerang Ijo Asam Manis','P',15000,8000,0,1,NULL,0),
	(616,4,453,95,59,'Nasi Putih','P',3500,2000,0,2,NULL,0),
	(617,4,454,95,53,'Tahu Mbok Rawit','P',12500,7000,0,1,NULL,0),
	(618,4,455,95,64,'Es Teh Manis','P',2500,1000,0,1,NULL,0),
	(619,4,456,95,66,'Es Teh Manis Jumbo','P',3500,1000,0,1,NULL,0),
	(620,4,457,95,210,'Camilan','P',2000,1500,0,1,NULL,0),
	(621,4,458,96,210,'Camilan','P',2000,1500,0,1,NULL,0),
	(622,4,459,96,19,'Mie Tomyum Seafood Suwung','P',18000,10000,0,1,NULL,0),
	(623,4,460,96,44,'Srimping Lada Hitam ','P',17500,10000,0,1,NULL,0),
	(624,4,461,96,108,'Chicken Cordon Bleu','P',16000,8500,0,2,NULL,0),
	(625,4,462,96,59,'Nasi Putih','P',3500,2000,0,2,NULL,0),
	(626,4,463,96,28,'Cumi Mbok Rawit','P',25000,12500,0,1,NULL,0),
	(627,4,464,96,11,'Mie Pedesh Seafood Suwung','P',15000,8000,0,1,NULL,0),
	(628,4,465,96,158,'Chicken X.O.','P',20000,20000,0,1,NULL,0),
	(629,4,466,96,121,'Vanilla Grape Sensation King Size','P',11000,5500,0,1,NULL,0),
	(630,4,467,96,153,'Milko (Milky Oreo) Hot','P',11000,5500,0,1,NULL,0),
	(631,4,468,96,138,'Berry Blast Regular','P',7500,4500,0,0,NULL,0),
	(632,4,469,96,72,'Jeruk Anget Jumbo','P',5000,2000,0,1,NULL,0),
	(633,4,470,97,6,'Paket Kiddie B','P',18000,8500,0,3,NULL,0),
	(634,4,471,97,46,'Srimping Mbok Rawit','P',17500,10000,0,1,NULL,0),
	(635,4,472,97,53,'Tahu Mbok Rawit','P',12500,7000,0,1,NULL,0),
	(636,4,473,97,8,'Mie Pedesh Ayam Galau','P',12500,7500,0,1,NULL,0),
	(637,4,474,97,20,'Mie Tomyum Seafood Galau','P',18000,10000,0,2,NULL,0),
	(638,4,475,97,59,'Nasi Putih','P',3500,2000,0,2,NULL,0),
	(639,4,476,97,73,'Es Jeruk','P',4500,2000,0,1,NULL,0),
	(640,4,477,97,66,'Es Teh Manis Jumbo','P',3500,1000,0,1,NULL,0),
	(641,4,478,97,74,'Es Jeruk Jumbo','P',5500,2000,0,1,NULL,0),
	(642,4,479,97,194,'Deep Cherry Blue','P',12500,5000,0,1,NULL,0),
	(643,4,480,97,114,'Cocoa Milk Regular','P',8000,4500,0,1,NULL,0),
	(644,4,481,97,150,'Milko (Milky Oreo) Regular','P',8000,4500,0,1,NULL,0),
	(645,4,482,97,212,'Air Mineral Prima','P',2500,1300,0,1,NULL,0),
	(646,4,483,98,53,'Tahu Mbok Rawit','P',12500,7000,0,1,NULL,0),
	(647,4,484,98,158,'Chicken X.O.','P',20000,20000,0,1,NULL,0),
	(648,4,485,98,104,'Fruit Salad','P',8500,4000,0,1,NULL,0),
	(649,4,486,98,113,'BBM (Banana Berry Milk) Hot','P',11000,5500,0,1,NULL,0),
	(650,4,487,98,115,'Cocoa Milk King Size','P',12000,6500,0,1,NULL,0),
	(651,4,488,98,114,'Cocoa Milk Regular','P',8000,4500,0,0,NULL,0),
	(652,4,489,99,14,'Mie Pedesh Special Galau','P',17500,10000,0,1,NULL,0),
	(653,4,490,99,23,'Mie Tomyum Special Galau ','P',20000,11000,0,1,NULL,0),
	(654,4,491,99,56,'French Fries','P',10000,6000,0,1,NULL,0),
	(655,4,492,99,74,'Es Jeruk Jumbo','P',5500,2000,0,2,NULL,0),
	(656,4,493,99,229,'Mendoan','P',7500,2500,0,1,NULL,0),
	(657,4,494,99,210,'Camilan','P',2000,1500,0,1,NULL,0),
	(658,4,495,100,108,'Chicken Cordon Bleu','P',16000,8500,0,1,NULL,0),
	(659,4,496,100,19,'Mie Tomyum Seafood Suwung','P',18000,10000,0,2,NULL,0),
	(660,4,497,100,103,'Chicken Steak Mbok Rawit','P',35000,17500,0,1,NULL,0),
	(661,4,498,100,111,'BBM (Banana Berry Milk) Regular','P',8000,4500,0,1,NULL,0),
	(662,4,499,100,63,'Teh Manis','P',2000,1000,0,2,NULL,0),
	(663,4,500,100,210,'Camilan','P',2000,1500,0,1,NULL,0),
	(664,4,501,101,20,'Mie Tomyum Seafood Galau','P',18000,10000,0,1,NULL,0),
	(665,4,502,101,42,'Kerang Ijo Mentega ','P',15000,8000,0,1,NULL,0),
	(666,4,503,101,191,'Hot Creamy Coffee','P',8500,3000,0,1,NULL,0),
	(667,4,504,101,184,'Banana Coffee','P',12500,4000,0,1,NULL,0),
	(668,4,505,101,63,'Teh Manis','P',2000,1000,0,1,NULL,0),
	(669,4,506,102,210,'Camilan','P',2000,1500,0,5,NULL,0),
	(670,4,507,102,64,'Es Teh Manis','P',2500,1000,0,1,NULL,0),
	(671,4,508,102,8,'Mie Pedesh Ayam Galau','P',12500,7500,0,1,NULL,0),
	(672,4,509,102,7,'Mie Pedesh Ayam Suwung','P',12500,7500,0,2,NULL,0),
	(673,4,510,102,19,'Mie Tomyum Seafood Suwung','P',18000,10000,0,1,NULL,0),
	(674,4,511,102,229,'Mendoan','P',7500,2500,0,1,NULL,0),
	(675,4,512,102,118,'Strawberry Wakwaw King Size','P',11000,5500,0,1,NULL,0),
	(676,4,513,102,115,'Cocoa Milk King Size','P',12000,6500,0,1,NULL,0),
	(677,4,514,102,114,'Cocoa Milk Regular','P',8000,4500,0,1,NULL,0),
	(678,4,515,103,29,'Cumi Mentega ','P',25000,12500,0,1,NULL,0),
	(679,4,516,103,59,'Nasi Putih','P',3500,2000,0,1,NULL,0),
	(680,4,517,103,99,'Iga Barbeque Mbok Rawit','P',55000,32000,0,1,NULL,0),
	(681,4,518,103,127,'Blue Dragon King Size','P',11000,5500,0,1,NULL,0),
	(682,4,519,103,80,'Juice Orange RtD','P',10000,5000,0,1,NULL,0),
	(683,4,520,103,126,'Blue Dragon Regular','P',7500,4500,0,1,NULL,0),
	(684,4,521,103,210,'Camilan','P',2000,1500,0,1,NULL,0),
	(685,4,522,104,170,'Brokoli Garlic','P',15000,6500,0,1,NULL,0),
	(686,4,523,104,203,'Nasi Goreng Hokian','P',20000,8000,0,2,NULL,0),
	(687,4,524,104,204,'Nasi Goreng Mbok Rawit','P',25000,11500,0,1,NULL,0),
	(688,4,525,104,59,'Nasi Putih','P',3500,2000,0,2,NULL,0),
	(689,4,526,104,157,'Chicken Kungpou','P',20000,20000,0,1,NULL,0),
	(690,4,527,104,44,'Srimping Lada Hitam ','P',17500,10000,0,1,NULL,0),
	(691,4,528,104,118,'Strawberry Wakwaw King Size','P',11000,5500,0,1,NULL,0),
	(692,4,529,104,116,'Cocoa Milk Hot','P',11000,5500,0,1,NULL,0),
	(693,4,530,104,64,'Es Teh Manis','P',2500,1000,0,0,NULL,0),
	(694,4,531,104,210,'Camilan','P',2000,1500,0,2,NULL,0),
	(695,4,532,104,63,'Teh Manis','P',2000,1000,0,3,NULL,0),
	(696,4,533,105,16,'Mie Tomyum Ayam Suwung','P',16000,10000,0,1,NULL,0),
	(697,4,534,105,38,'Kerang Ijo Asam Manis','P',15000,8000,0,1,NULL,0),
	(698,4,535,105,158,'Chicken X.O.','P',20000,20000,0,1,NULL,0),
	(699,4,536,105,17,'Mie Tomyum Ayam Galau','P',16000,10000,0,0,NULL,0),
	(700,4,537,105,59,'Nasi Putih','P',3500,2000,0,2,NULL,0),
	(701,4,538,105,64,'Es Teh Manis','P',2500,1000,0,3,NULL,0),
	(702,4,539,105,206,'Air Mineral','P',1000,500,0,1,NULL,0),
	(703,4,540,105,6,'Paket Kiddie B','P',18000,8500,0,1,NULL,0),
	(704,4,541,106,53,'Tahu Mbok Rawit','P',12500,7000,0,1,NULL,0),
	(705,4,542,106,106,'Seafood Basket','P',14500,8000,0,1,NULL,0),
	(706,4,543,106,205,'Nasi Goreng Seafood','P',18000,5000,0,1,NULL,0),
	(707,4,544,106,11,'Mie Pedesh Seafood Suwung','P',15000,8000,0,1,NULL,0),
	(708,4,545,106,59,'Nasi Putih','P',3500,2000,0,1,NULL,0),
	(709,4,546,106,153,'Milko (Milky Oreo) Hot','P',11000,5500,0,1,NULL,0),
	(710,4,547,106,155,'Cappuccino King Size','P',12000,6500,0,1,NULL,0),
	(711,4,548,107,38,'Kerang Ijo Asam Manis','P',15000,8000,0,1,NULL,0),
	(712,4,549,107,45,'Srimping Cabe Kering ','P',17500,10000,0,1,NULL,0),
	(713,4,550,107,12,'Mie Pedesh Seafood Galau','P',15000,8000,0,1,NULL,0),
	(714,4,551,107,66,'Es Teh Manis Jumbo','P',3500,1000,0,1,NULL,0),
	(715,4,552,107,187,'Moccacino Coffee','P',12500,4000,0,1,NULL,0),
	(716,4,553,107,93,'Iced Chocolate','P',7000,2000,0,1,NULL,0),
	(717,4,554,107,59,'Nasi Putih','P',3500,2000,0,2,NULL,0),
	(718,4,555,107,210,'Camilan','P',2000,1500,0,2,NULL,0),
	(719,4,556,108,223,'Telur Dadar','P',2500,1500,0,2,NULL,0),
	(720,4,557,108,59,'Nasi Putih','P',3500,2000,0,2,NULL,0),
	(721,4,558,108,66,'Es Teh Manis Jumbo','P',3500,1000,0,1,NULL,0),
	(722,4,559,109,210,'Camilan','P',2000,1500,0,1,NULL,0),
	(723,4,560,110,112,'BBM (Banana Berry Milk) King Size','P',12000,6500,0,1,NULL,0),
	(724,4,561,110,124,'Angel Kiss King Size','P',11000,5500,0,1,NULL,0),
	(725,4,562,110,210,'Camilan','P',2000,1500,0,1,NULL,0),
	(726,4,563,111,19,'Mie Tomyum Seafood Suwung','P',18000,10000,0,1,NULL,0),
	(727,4,564,111,11,'Mie Pedesh Seafood Suwung','P',15000,8000,0,1,NULL,0),
	(728,4,565,111,64,'Es Teh Manis','P',2500,1000,0,1,NULL,0),
	(729,4,566,111,88,'Iced Vanilla Latte','P',6000,2000,0,1,NULL,0),
	(730,4,567,112,88,'Iced Vanilla Latte','P',6000,2000,0,1,NULL,0),
	(731,4,568,113,210,'Camilan','P',2000,1500,0,1,NULL,0),
	(732,4,569,113,23,'Mie Tomyum Special Galau ','P',20000,11000,0,1,NULL,0),
	(733,4,570,113,168,'Udang Bakar','P',25000,25000,0,1,NULL,0),
	(734,4,571,113,59,'Nasi Putih','P',3500,2000,0,1,NULL,0),
	(735,4,572,113,54,'Pisang Kremes','P',12500,7000,0,1,NULL,0),
	(736,4,573,113,112,'BBM (Banana Berry Milk) King Size','P',12000,6500,0,1,NULL,0),
	(737,4,574,113,72,'Jeruk Anget Jumbo','P',5000,2000,0,1,NULL,0),
	(738,4,575,114,19,'Mie Tomyum Seafood Suwung','P',18000,10000,0,1,NULL,0),
	(739,4,576,114,21,'Mie Tomyum Seafood Dewa','P',19000,11000,0,1,NULL,0),
	(740,4,577,114,155,'Cappuccino King Size','P',12000,6500,0,1,NULL,0),
	(741,4,578,114,154,'Cappuccino Regular','P',8000,4500,0,1,NULL,0),
	(742,4,579,114,206,'Air Mineral','P',1000,500,0,1,NULL,0),
	(743,4,580,115,56,'French Fries','P',10000,6000,0,1,NULL,0),
	(744,4,581,115,147,'Chocoberry Nut Regular','P',8000,4500,0,1,NULL,0),
	(745,4,582,115,113,'BBM (Banana Berry Milk) Hot','P',11000,5500,0,1,NULL,0),
	(746,4,583,116,13,'Mie Pedesh Special Suwung','P',17500,10000,0,1,NULL,0),
	(747,4,584,116,235,'Mie Pedesh Polos','P',10000,4000,0,1,NULL,0),
	(748,4,585,116,60,'Onion Ring ','P',7500,4000,0,1,NULL,0),
	(749,4,586,116,61,'Wedang Seger','P',8000,5000,0,2,NULL,0),
	(750,4,587,117,51,'Udang Mbok Rawit','P',25000,12500,0,1,NULL,0),
	(751,4,588,117,59,'Nasi Putih','P',3500,2000,0,1,NULL,0),
	(752,4,589,117,64,'Es Teh Manis','P',2500,1000,0,1,NULL,0),
	(753,4,590,118,59,'Nasi Putih','P',3500,2000,0,1,NULL,0),
	(754,4,591,118,219,'GG Mild ','P',11600,10850,0,1,NULL,0),
	(755,4,592,118,239,' Milk Plain King Size','P',6000,2500,0,1,NULL,0),
	(756,4,593,118,153,'Milko (Milky Oreo) Hot','P',11000,5500,0,1,NULL,0),
	(757,4,594,118,210,'Camilan','P',2000,1500,0,1,NULL,0),
	(758,4,595,118,66,'Es Teh Manis Jumbo','P',3500,1000,0,1,NULL,0),
	(759,4,596,118,209,'Coklat Lolypop','P',3000,2500,0,1,NULL,0),
	(760,4,597,119,66,'Es Teh Manis Jumbo','P',3500,1000,0,3,NULL,0),
	(761,4,598,119,226,'Kopi Hitam','P',5000,2000,0,1,NULL,0),
	(762,4,599,119,65,'Teh Manis Jumbo','P',3000,1000,0,1,NULL,0),
	(763,4,600,120,66,'Es Teh Manis Jumbo','P',3500,1000,0,1,NULL,0),
	(764,4,601,121,169,'Sawi Putih Goreng Telur','P',15000,5000,0,1,NULL,0),
	(765,4,602,121,159,'Chicken Blackpepper','P',20000,20000,0,1,NULL,0),
	(766,4,603,121,161,'Chicken Balado','P',22500,22500,0,1,NULL,0),
	(767,4,604,121,59,'Nasi Putih','P',3500,2000,0,2,NULL,0),
	(768,4,605,121,181,'Baby Buncis Mbok Rawit','P',15000,15000,0,1,NULL,0),
	(769,4,606,121,74,'Es Jeruk Jumbo','P',5500,2000,0,2,NULL,0),
	(770,4,607,122,210,'Camilan','P',2000,1500,0,1,NULL,0),
	(771,4,608,122,53,'Tahu Mbok Rawit','P',12500,7000,0,1,NULL,0),
	(772,4,609,122,46,'Srimping Mbok Rawit','P',17500,10000,0,1,NULL,0),
	(773,4,610,122,59,'Nasi Putih','P',3500,2000,0,3,NULL,0),
	(774,4,611,122,75,'Juice Strawberry','P',8000,4000,0,1,NULL,0),
	(775,4,612,122,64,'Es Teh Manis','P',2500,1000,0,2,NULL,0),
	(776,4,613,123,13,'Mie Pedesh Special Suwung','P',17500,10000,0,1,NULL,0),
	(777,4,614,123,65,'Teh Manis Jumbo','P',3000,1000,0,1,NULL,0),
	(778,4,615,123,213,'Mete ','P',5000,4000,0,1,NULL,0),
	(779,4,616,124,160,'Chicken Mbok Rawit','P',22500,22500,0,1,NULL,0),
	(780,4,617,124,11,'Mie Pedesh Seafood Suwung','P',15000,8000,0,1,NULL,0),
	(781,4,618,124,59,'Nasi Putih','P',3500,2000,0,1,NULL,0),
	(782,4,619,124,53,'Tahu Mbok Rawit','P',12500,7000,0,1,NULL,0),
	(783,4,620,124,24,'Mie Tomyum Special Dewa','P',21000,12000,0,1,NULL,0),
	(784,4,621,124,66,'Es Teh Manis Jumbo','P',3500,1000,0,2,NULL,0),
	(785,4,622,124,63,'Teh Manis','P',2000,1000,0,2,NULL,0),
	(786,4,623,125,208,'Pangsit','P',2000,1500,0,1,NULL,0),
	(787,4,624,125,108,'Chicken Cordon Bleu','P',16000,8500,0,1,NULL,0),
	(788,4,625,125,19,'Mie Tomyum Seafood Suwung','P',18000,10000,0,1,NULL,0),
	(789,4,626,125,44,'Srimping Lada Hitam ','P',17500,10000,0,1,NULL,0),
	(790,4,627,125,30,'Gurami Asam Manis ','P',45000,25000,0,1,NULL,0),
	(791,4,628,125,59,'Nasi Putih','P',3500,2000,0,1,NULL,0),
	(792,4,629,125,152,'Milko (Milky Oreo) King Size','P',12000,6500,0,1,NULL,0),
	(793,4,630,125,66,'Es Teh Manis Jumbo','P',3500,1000,0,1,NULL,0),
	(794,4,631,125,76,'Juice Avocado','P',8000,4000,0,1,NULL,0),
	(795,4,632,125,206,'Air Mineral','P',1000,500,0,1,NULL,0),
	(796,4,633,126,208,'Pangsit','P',2000,1500,0,1,NULL,0),
	(797,4,634,126,168,'Udang Bakar','P',25000,25000,0,1,NULL,0),
	(798,4,635,126,44,'Srimping Lada Hitam ','P',17500,10000,0,1,NULL,0),
	(799,4,636,126,43,'Srimping Asam Manis','P',17500,10000,0,1,NULL,0),
	(800,4,637,126,159,'Chicken Blackpepper','P',20000,20000,0,1,NULL,0),
	(801,4,638,126,26,'Cumi Lada Hitam','P',25000,12500,0,1,NULL,0),
	(802,4,639,126,25,'Cumi Asam Manis','P',25000,12500,0,1,NULL,0),
	(803,4,640,126,59,'Nasi Putih','P',3500,2000,0,4,NULL,0),
	(804,4,641,126,75,'Juice Strawberry','P',8000,4000,0,1,NULL,0),
	(805,4,642,126,68,'Es Lemon Tea ','P',4500,2000,0,1,NULL,0),
	(806,4,643,126,117,'Strawberry Wakwaw Regular','P',7500,4500,0,1,NULL,0),
	(807,4,644,126,185,'Choco Coffee','P',12500,4000,0,1,NULL,0),
	(808,4,645,126,63,'Teh Manis','P',2000,1000,0,2,NULL,0),
	(809,4,646,127,17,'Mie Tomyum Ayam Galau','P',16000,10000,0,1,NULL,0),
	(810,4,647,127,12,'Mie Pedesh Seafood Galau','P',15000,8000,0,1,NULL,0),
	(811,4,648,128,223,'Telur Dadar','P',2500,1500,0,2,NULL,0),
	(812,4,649,128,63,'Teh Manis','P',2000,1000,0,1,NULL,0),
	(813,4,650,129,64,'Es Teh Manis','P',2500,1000,0,1,NULL,0),
	(814,4,651,130,53,'Tahu Mbok Rawit','P',12500,7000,0,1,NULL,0),
	(815,4,652,131,9,'Mie Pedesh Ayam Dewa','P',13500,8000,0,1,NULL,0),
	(816,4,653,131,19,'Mie Tomyum Seafood Suwung','P',18000,10000,0,1,NULL,0),
	(817,4,654,131,121,'Vanilla Grape Sensation King Size','P',11000,5500,0,1,NULL,0),
	(818,4,655,131,187,'Moccacino Coffee','P',12500,4000,0,1,NULL,0),
	(819,4,656,131,207,'Kerupuk Panjang','P',2000,1500,0,1,NULL,0),
	(820,4,657,132,56,'French Fries','P',10000,6000,0,1,NULL,0),
	(821,4,658,132,49,'Udang Lada Hitam ','P',25000,12500,0,1,NULL,0),
	(822,4,659,132,48,'Udang Asam Manis','P',25000,12500,0,1,NULL,0),
	(823,4,660,132,59,'Nasi Putih','P',3500,2000,0,2,NULL,0),
	(824,4,661,132,68,'Es Lemon Tea ','P',4500,2000,0,1,NULL,0),
	(825,4,662,132,66,'Es Teh Manis Jumbo','P',3500,1000,0,1,NULL,0),
	(826,4,663,133,5,'Paket Kiddie A','P',19500,8500,0,1,NULL,0),
	(827,4,664,133,46,'Srimping Mbok Rawit','P',17500,10000,0,1,NULL,0),
	(828,4,665,133,204,'Nasi Goreng Mbok Rawit','P',25000,11500,0,1,NULL,0),
	(829,4,666,133,59,'Nasi Putih','P',3500,2000,0,1,NULL,0),
	(830,4,667,133,68,'Es Lemon Tea ','P',4500,2000,0,1,NULL,0),
	(831,4,668,133,63,'Teh Manis','P',2000,1000,0,2,NULL,0),
	(832,4,669,133,116,'Cocoa Milk Hot','P',11000,5500,0,1,NULL,0),
	(833,4,670,133,56,'French Fries','P',10000,6000,0,1,NULL,0),
	(834,4,671,133,210,'Camilan','P',2000,1500,0,2,NULL,0),
	(835,4,672,134,26,'Cumi Lada Hitam','P',25000,12500,0,1,NULL,0),
	(836,4,673,134,158,'Chicken X.O.','P',20000,20000,0,1,NULL,0),
	(837,4,674,134,168,'Udang Bakar','P',25000,25000,0,1,NULL,0),
	(838,4,675,134,59,'Nasi Putih','P',3500,2000,0,3,NULL,0),
	(839,4,676,134,56,'French Fries','P',10000,6000,0,1,NULL,0),
	(840,4,677,134,74,'Es Jeruk Jumbo','P',5500,2000,0,1,NULL,0),
	(841,4,678,134,66,'Es Teh Manis Jumbo','P',3500,1000,0,1,NULL,0),
	(842,4,679,134,155,'Cappuccino King Size','P',12000,6500,0,1,NULL,0),
	(843,4,680,134,210,'Camilan','P',2000,1500,0,2,NULL,0),
	(844,4,681,134,211,'Kacang Telor','P',1500,1000,0,1,NULL,0),
	(845,4,682,135,162,'Chicken Asam Manis','P',22500,22500,0,1,NULL,0),
	(846,4,683,135,169,'Sawi Putih Goreng Telur','P',15000,5000,0,1,NULL,0),
	(847,4,684,135,59,'Nasi Putih','P',3500,2000,0,2,NULL,0),
	(848,4,685,135,66,'Es Teh Manis Jumbo','P',3500,1000,0,1,NULL,0),
	(849,4,686,135,226,'Kopi Hitam','P',5000,2000,0,1,NULL,0),
	(850,4,687,136,14,'Mie Pedesh Special Galau','P',17500,10000,0,1,NULL,0),
	(851,4,688,136,12,'Mie Pedesh Seafood Galau','P',15000,8000,0,1,NULL,0),
	(852,4,689,136,7,'Mie Pedesh Ayam Suwung','P',12500,7500,0,1,NULL,0),
	(853,4,690,136,63,'Teh Manis','P',2000,1000,0,1,NULL,0),
	(854,4,691,136,138,'Berry Blast Regular','P',7500,4500,0,1,NULL,0),
	(855,4,692,136,71,'Jeruk Anget','P',4000,2000,0,1,NULL,0),
	(856,4,693,136,210,'Camilan','P',2000,1500,0,1,NULL,0),
	(857,4,694,137,205,'Nasi Goreng Seafood','P',18000,5000,0,1,NULL,0),
	(858,4,695,137,64,'Es Teh Manis','P',2500,1000,0,1,NULL,0),
	(859,4,696,137,73,'Es Jeruk','P',4500,2000,0,1,NULL,0),
	(860,4,697,138,57,'Singkong Keju','P',12500,7000,0,1,NULL,0),
	(861,4,698,138,53,'Tahu Mbok Rawit','P',12500,7000,0,1,NULL,0),
	(862,4,699,138,110,'Spaghetti Carbonara','P',14000,7500,0,1,NULL,0),
	(863,4,700,138,59,'Nasi Putih','P',3500,2000,0,2,NULL,0),
	(864,4,701,138,158,'Chicken X.O.','P',20000,20000,0,1,NULL,0),
	(865,4,702,138,169,'Sawi Putih Goreng Telur','P',15000,5000,0,1,NULL,0),
	(866,4,703,138,70,'Es Lemon Tea Jumbo','P',5500,2000,0,2,NULL,0),
	(867,4,704,139,12,'Mie Pedesh Seafood Galau','P',15000,8000,0,1,NULL,0),
	(868,4,705,139,105,'Crispy Calamary Ring','P',14500,8000,0,1,NULL,0),
	(869,4,706,139,10,'Mie Pedesh Seafood Dewa','P',16000,9000,0,1,NULL,0),
	(870,4,707,139,133,'Lychee Cooler King Size','P',11000,5500,0,1,NULL,0),
	(871,4,708,139,206,'Air Mineral','P',1000,500,0,1,NULL,0),
	(872,4,709,140,16,'Mie Tomyum Ayam Suwung','P',16000,10000,0,1,NULL,0),
	(873,4,710,140,7,'Mie Pedesh Ayam Suwung','P',12500,7500,0,1,NULL,0),
	(874,4,711,140,129,'Strada Regular','P',7500,4500,0,1,NULL,0),
	(875,4,712,140,66,'Es Teh Manis Jumbo','P',3500,1000,0,1,NULL,0),
	(876,4,713,141,205,'Nasi Goreng Seafood','P',18000,5000,0,1,NULL,0),
	(877,4,714,141,17,'Mie Tomyum Ayam Galau','P',16000,10000,0,1,NULL,0),
	(878,4,715,141,111,'BBM (Banana Berry Milk) Regular','P',8000,4500,0,1,NULL,0),
	(879,4,716,141,114,'Cocoa Milk Regular','P',8000,4500,0,1,NULL,0),
	(880,4,717,142,208,'Pangsit','P',2000,1500,0,2,NULL,0),
	(881,4,718,142,182,'Karedok','P',10000,4000,0,2,NULL,0),
	(882,4,719,142,53,'Tahu Mbok Rawit','P',12500,7000,0,1,NULL,0),
	(883,4,720,142,39,'Kerang Ijo Lada Hitam ','P',15000,8000,0,1,NULL,0),
	(884,4,721,142,133,'Lychee Cooler King Size','P',11000,5500,0,1,NULL,0),
	(885,4,722,142,66,'Es Teh Manis Jumbo','P',3500,1000,0,1,NULL,0),
	(886,4,723,142,157,'Chicken Kungpou','P',20000,20000,0,1,NULL,0),
	(887,4,724,142,51,'Udang Mbok Rawit','P',25000,12500,0,1,NULL,0),
	(888,4,725,143,17,'Mie Tomyum Ayam Galau','P',16000,10000,0,1,NULL,0),
	(889,4,726,143,210,'Camilan','P',2000,1500,0,1,NULL,0),
	(890,4,727,144,66,'Es Teh Manis Jumbo','P',3500,1000,0,2,NULL,0),
	(891,4,728,145,159,'Chicken Blackpepper','P',20000,20000,0,1,NULL,0),
	(892,4,729,145,16,'Mie Tomyum Ayam Suwung','P',16000,10000,0,1,NULL,0),
	(893,4,730,145,53,'Tahu Mbok Rawit','P',12500,7000,0,1,NULL,0),
	(894,4,731,146,59,'Nasi Putih','P',3500,2000,0,2,NULL,0),
	(895,4,732,146,29,'Cumi Mentega ','P',25000,12500,0,1,NULL,0),
	(896,4,733,146,8,'Mie Pedesh Ayam Galau','P',12500,7500,0,1,NULL,0),
	(897,4,734,146,120,'Vanilla Grape Sensation Regular','P',7500,4500,0,1,NULL,0),
	(898,4,735,146,132,'Lychee Cooler','P',7500,4500,0,1,NULL,0),
	(899,4,736,147,210,'Camilan','P',2000,1500,0,1,NULL,0),
	(900,4,737,147,109,'Big Burger Mbok Rawit','P',14000,7500,0,1,NULL,0),
	(901,4,738,147,104,'Fruit Salad','P',8500,4000,0,1,NULL,0),
	(902,4,739,147,129,'Strada Regular','P',7500,4500,0,1,NULL,0),
	(903,4,740,147,124,'Angel Kiss King Size','P',11000,5500,0,1,NULL,0),
	(904,4,741,148,7,'Mie Pedesh Ayam Suwung','P',12500,7500,0,1,NULL,0),
	(905,4,742,148,11,'Mie Pedesh Seafood Suwung','P',15000,8000,0,1,NULL,0),
	(906,4,743,148,66,'Es Teh Manis Jumbo','P',3500,1000,0,1,NULL,0),
	(907,4,744,148,70,'Es Lemon Tea Jumbo','P',5500,2000,0,1,NULL,0),
	(908,4,745,149,204,'Nasi Goreng Mbok Rawit','P',25000,11500,0,1,NULL,0),
	(909,4,746,149,25,'Cumi Asam Manis','P',25000,12500,0,1,NULL,0),
	(910,4,747,149,59,'Nasi Putih','P',3500,2000,0,1,NULL,0),
	(911,4,748,149,8,'Mie Pedesh Ayam Galau','P',12500,7500,0,1,NULL,0),
	(912,4,749,149,95,'Milkshake Chocolate','P',12000,5000,0,1,NULL,0),
	(913,4,750,149,73,'Es Jeruk','P',4500,2000,0,1,NULL,0),
	(914,4,751,150,7,'Mie Pedesh Ayam Suwung','P',12500,7500,0,3,NULL,0),
	(915,4,752,150,8,'Mie Pedesh Ayam Galau','P',12500,7500,0,1,NULL,0),
	(916,4,753,150,64,'Es Teh Manis','P',2500,1000,0,2,NULL,0),
	(917,4,754,150,206,'Air Mineral','P',1000,500,0,1,NULL,0),
	(918,4,755,151,19,'Mie Tomyum Seafood Suwung','P',18000,10000,0,1,NULL,0),
	(919,4,756,151,16,'Mie Tomyum Ayam Suwung','P',16000,10000,0,1,NULL,0),
	(920,4,757,151,6,'Paket Kiddie B','P',18000,8500,0,2,NULL,0),
	(921,4,758,151,150,'Milko (Milky Oreo) Regular','P',8000,4500,0,1,NULL,0),
	(922,4,759,151,207,'Kerupuk Panjang','P',2000,1500,0,2,NULL,0),
	(923,4,760,152,39,'Kerang Ijo Lada Hitam ','P',15000,8000,0,1,NULL,0),
	(924,4,761,152,53,'Tahu Mbok Rawit','P',12500,7000,0,1,NULL,0),
	(925,4,762,152,157,'Chicken Kungpou','P',20000,20000,0,1,NULL,0),
	(926,4,763,152,108,'Chicken Cordon Bleu','P',16000,8500,0,1,NULL,0),
	(927,4,764,152,115,'Cocoa Milk King Size','P',12000,6500,0,1,NULL,0),
	(928,4,765,152,62,'Wedang Roti ','P',8000,5000,0,1,NULL,0),
	(929,4,766,153,229,'Mendoan','P',7500,2500,0,1,NULL,0),
	(930,4,767,153,150,'Milko (Milky Oreo) Regular','P',8000,4500,0,1,NULL,0),
	(931,4,768,153,184,'Banana Coffee','P',12500,4000,0,1,NULL,0),
	(932,4,769,154,218,'Surya Profesional Mild','P',11000,9950,0,1,NULL,0),
	(933,4,770,155,219,'GG Mild ','P',11600,10850,0,1,NULL,0),
	(934,4,771,156,16,'Mie Tomyum Ayam Suwung','P',16000,10000,0,1,NULL,0),
	(935,4,772,156,21,'Mie Tomyum Seafood Dewa','P',19000,11000,0,1,NULL,0),
	(936,4,773,156,54,'Pisang Kremes','P',12500,7000,0,1,NULL,0),
	(937,4,774,156,56,'French Fries','P',10000,6000,0,1,NULL,0),
	(938,4,775,156,89,'Iced Mocca','P',6000,2000,0,1,NULL,0),
	(939,4,776,156,64,'Es Teh Manis','P',2500,1000,0,1,NULL,0),
	(940,4,777,156,63,'Teh Manis','P',2000,1000,0,1,NULL,0),
	(941,4,778,156,207,'Kerupuk Panjang','P',2000,1500,0,1,NULL,0),
	(942,4,779,157,22,'Mie Tomyum Special Suwung','P',20000,11000,0,1,NULL,0),
	(943,4,780,157,11,'Mie Pedesh Seafood Suwung','P',15000,8000,0,1,NULL,0),
	(944,4,781,157,76,'Juice Avocado','P',8000,4000,0,1,NULL,0),
	(945,4,782,157,63,'Teh Manis','P',2000,1000,0,1,NULL,0),
	(946,4,783,157,71,'Jeruk Anget','P',4000,2000,0,1,NULL,0),
	(947,4,784,157,210,'Camilan','P',2000,1500,0,1,NULL,0),
	(948,4,785,158,62,'Wedang Roti ','P',8000,5000,0,4,NULL,0),
	(949,4,786,158,158,'Chicken X.O.','P',20000,20000,0,1,NULL,0),
	(950,4,787,158,53,'Tahu Mbok Rawit','P',12500,7000,0,1,NULL,0),
	(951,4,788,158,57,'Singkong Keju','P',12500,7000,0,1,NULL,0),
	(952,4,789,158,204,'Nasi Goreng Mbok Rawit','P',25000,11500,0,1,NULL,0),
	(953,4,790,158,59,'Nasi Putih','P',3500,2000,0,1,NULL,0),
	(954,4,791,158,206,'Air Mineral','P',1000,500,0,1,NULL,0),
	(955,4,792,159,66,'Es Teh Manis Jumbo','P',3500,1000,0,1,NULL,0),
	(956,4,793,160,218,'Surya Profesional Mild','P',11000,9950,0,1,NULL,0),
	(957,4,794,161,220,'GG Shiver','P',11600,10850,0,1,NULL,0),
	(958,4,795,162,66,'Es Teh Manis Jumbo','P',3500,1000,0,1,NULL,0),
	(959,4,796,163,66,'Es Teh Manis Jumbo','P',3500,1000,0,1,NULL,0),
	(960,4,797,164,8,'Mie Pedesh Ayam Galau','P',12500,7500,0,1,NULL,0),
	(961,4,798,165,206,'Air Mineral','P',1000,500,0,2,NULL,0),
	(962,4,799,165,152,'Milko (Milky Oreo) King Size','P',12000,6500,0,1,NULL,0),
	(963,4,800,165,118,'Strawberry Wakwaw King Size','P',11000,5500,0,1,NULL,0),
	(964,4,801,165,9,'Mie Pedesh Ayam Dewa','P',13500,8000,0,2,NULL,0),
	(965,4,802,166,210,'Camilan','P',2000,1500,0,1,NULL,0),
	(966,4,803,167,119,'Strawberry Wakwaw Hot','P',10000,5000,0,3,NULL,0),
	(967,4,804,167,112,'BBM (Banana Berry Milk) King Size','P',12000,6500,0,1,NULL,0),
	(968,4,805,167,152,'Milko (Milky Oreo) King Size','P',12000,6500,0,1,NULL,0),
	(969,4,806,167,79,'Juice Sirsat RtD','P',10000,5000,0,1,NULL,0),
	(970,4,807,168,64,'Es Teh Manis','P',2500,1000,0,1,NULL,0),
	(971,4,808,169,53,'Tahu Mbok Rawit','P',12500,7000,0,1,NULL,0),
	(972,4,809,169,204,'Nasi Goreng Mbok Rawit','P',25000,11500,0,2,NULL,0),
	(973,4,810,169,19,'Mie Tomyum Seafood Suwung','P',18000,10000,0,2,NULL,0),
	(974,4,811,169,7,'Mie Pedesh Ayam Suwung','P',12500,7500,0,1,NULL,0),
	(975,4,812,169,104,'Fruit Salad','P',8500,4000,0,2,NULL,0),
	(976,4,813,169,56,'French Fries','P',10000,6000,0,2,NULL,0),
	(977,4,814,169,169,'Sawi Putih Goreng Telur','P',15000,5000,0,1,NULL,0),
	(978,4,815,169,38,'Kerang Ijo Asam Manis','P',15000,8000,0,1,NULL,0),
	(979,4,816,170,117,'Strawberry Wakwaw Regular','P',7500,4500,0,1,NULL,0),
	(980,4,817,171,63,'Teh Manis','P',2000,1000,0,1,NULL,0),
	(981,4,818,172,88,'Iced Vanilla Latte','P',6000,2000,0,1,NULL,0),
	(982,4,819,172,140,'Berry Blast Hot ','P',10000,5000,0,1,NULL,0),
	(983,4,820,172,107,'Fish & Chip ','P',16000,8500,0,1,NULL,0),
	(984,4,821,172,19,'Mie Tomyum Seafood Suwung','P',18000,10000,0,1,NULL,0),
	(985,4,822,173,12,'Mie Pedesh Seafood Galau','P',15000,8000,0,1,NULL,0),
	(986,4,823,173,19,'Mie Tomyum Seafood Suwung','P',18000,10000,0,1,NULL,0),
	(987,4,824,173,119,'Strawberry Wakwaw Hot','P',10000,5000,0,1,NULL,0),
	(988,4,825,173,73,'Es Jeruk','P',4500,2000,0,1,NULL,0),
	(989,4,826,174,140,'Berry Blast Hot ','P',10000,5000,0,1,NULL,0),
	(990,4,827,174,61,'Wedang Seger','P',8000,5000,0,1,NULL,0),
	(991,4,828,174,64,'Es Teh Manis','P',2500,1000,0,1,NULL,0),
	(992,4,829,174,229,'Mendoan','P',7500,2500,0,1,NULL,0),
	(993,4,830,174,16,'Mie Tomyum Ayam Suwung','P',16000,10000,0,1,NULL,0),
	(994,4,831,175,6,'Paket Kiddie B','P',18000,8500,0,1,NULL,0),
	(995,4,832,175,47,'Srimping Mentega','P',17500,10000,0,1,NULL,0),
	(996,4,833,175,59,'Nasi Putih','P',3500,2000,0,1,NULL,0),
	(997,4,834,176,210,'Camilan','P',2000,1500,0,1,NULL,0),
	(998,4,835,177,229,'Mendoan','P',7500,2500,0,1,NULL,0),
	(999,4,836,178,182,'Karedok','P',10000,4000,0,1,NULL,0),
	(1000,4,837,179,32,'Gurami Mbok Rawit','P',45000,25000,0,1,NULL,0),
	(1001,4,838,179,59,'Nasi Putih','P',3500,2000,0,5,NULL,0),
	(1002,4,839,179,57,'Singkong Keju','P',12500,7000,0,1,NULL,0),
	(1003,4,840,179,53,'Tahu Mbok Rawit','P',12500,7000,0,1,NULL,0),
	(1004,4,841,179,13,'Mie Pedesh Special Suwung','P',17500,10000,0,1,NULL,0),
	(1005,4,842,179,72,'Jeruk Anget Jumbo','P',5000,2000,0,1,NULL,0),
	(1006,4,843,179,206,'Air Mineral','P',1000,500,0,1,NULL,0),
	(1007,4,844,179,66,'Es Teh Manis Jumbo','P',3500,1000,0,2,NULL,0),
	(1008,4,845,180,8,'Mie Pedesh Ayam Galau','P',12500,7500,0,1,NULL,0),
	(1009,4,846,180,14,'Mie Pedesh Special Galau','P',17500,10000,0,1,NULL,0),
	(1010,4,847,180,107,'Fish & Chip ','P',16000,8500,0,1,NULL,0),
	(1011,4,848,180,28,'Cumi Mbok Rawit','P',25000,12500,0,1,NULL,0),
	(1012,4,849,180,73,'Es Jeruk','P',4500,2000,0,1,NULL,0),
	(1013,4,850,180,66,'Es Teh Manis Jumbo','P',3500,1000,0,1,NULL,0),
	(1014,4,851,181,205,'Nasi Goreng Seafood','P',18000,5000,0,1,NULL,0),
	(1015,4,852,182,30,'Gurami Asam Manis ','P',45000,25000,0,1,NULL,0),
	(1016,4,853,182,47,'Srimping Mentega','P',17500,10000,0,1,NULL,0),
	(1017,4,854,182,105,'Crispy Calamary Ring','P',14500,8000,0,1,NULL,0),
	(1018,4,855,182,20,'Mie Tomyum Seafood Galau','P',18000,10000,0,1,NULL,0),
	(1019,4,856,182,59,'Nasi Putih','P',3500,2000,0,4,NULL,0),
	(1020,4,857,182,121,'Vanilla Grape Sensation King Size','P',11000,5500,0,1,NULL,0),
	(1021,4,858,182,152,'Milko (Milky Oreo) King Size','P',12000,6500,0,1,NULL,0),
	(1022,4,859,183,64,'Es Teh Manis','P',2500,1000,0,1,NULL,0),
	(1023,4,860,184,30,'Gurami Asam Manis ','P',45000,25000,0,1,NULL,0),
	(1024,4,861,184,59,'Nasi Putih','P',3500,2000,0,2,NULL,0),
	(1025,4,862,184,158,'Chicken X.O.','P',20000,20000,0,1,NULL,0),
	(1026,4,863,184,72,'Jeruk Anget Jumbo','P',5000,2000,0,1,NULL,0),
	(1027,4,864,184,68,'Es Lemon Tea ','P',4500,2000,0,1,NULL,0),
	(1028,4,865,185,47,'Srimping Mentega','P',17500,10000,0,1,NULL,0),
	(1029,4,866,185,59,'Nasi Putih','P',3500,2000,0,3,NULL,0),
	(1030,4,867,185,182,'Karedok','P',10000,4000,0,1,NULL,0),
	(1031,4,868,185,57,'Singkong Keju','P',12500,7000,0,1,NULL,0),
	(1032,4,869,185,65,'Teh Manis Jumbo','P',3000,1000,0,1,NULL,0),
	(1033,4,870,185,63,'Teh Manis','P',2000,1000,0,1,NULL,0),
	(1034,4,871,186,210,'Camilan','P',2000,1500,0,2,NULL,0),
	(1035,4,872,187,17,'Mie Tomyum Ayam Galau','P',16000,10000,0,1,NULL,0),
	(1036,4,873,187,16,'Mie Tomyum Ayam Suwung','P',16000,10000,0,1,NULL,0),
	(1037,4,874,187,114,'Cocoa Milk Regular','P',8000,4500,0,1,NULL,0),
	(1038,4,875,187,145,'Chocoberry King Size','P',11000,5500,0,1,NULL,0),
	(1039,4,876,188,66,'Es Teh Manis Jumbo','P',3500,1000,0,1,NULL,0),
	(1040,4,877,189,107,'Fish & Chip ','P',16000,8500,0,1,NULL,0),
	(1041,4,878,189,108,'Chicken Cordon Bleu','P',16000,8500,0,2,NULL,0),
	(1042,4,879,189,42,'Kerang Ijo Mentega ','P',15000,8000,0,1,NULL,0),
	(1043,4,880,189,206,'Air Mineral','P',1000,500,0,1,NULL,0),
	(1044,4,881,190,53,'Tahu Mbok Rawit','P',12500,7000,0,1,NULL,0),
	(1045,4,882,190,103,'Chicken Steak Mbok Rawit','P',35000,17500,0,1,NULL,0),
	(1046,4,883,190,164,'Beef Blackpepper','P',38000,38000,0,1,NULL,0),
	(1047,4,884,190,59,'Nasi Putih','P',3500,2000,0,2,NULL,0),
	(1048,4,885,190,44,'Srimping Lada Hitam ','P',17500,10000,0,1,NULL,0),
	(1049,4,886,190,159,'Chicken Blackpepper','P',20000,20000,0,1,NULL,0),
	(1050,4,887,190,66,'Es Teh Manis Jumbo','P',3500,1000,0,2,NULL,0),
	(1051,4,888,190,152,'Milko (Milky Oreo) King Size','P',12000,6500,0,1,NULL,0),
	(1052,4,889,191,222,'Nasi Telur','P',6000,3000,0,1,NULL,0),
	(1053,4,890,192,214,'Gudang Garam International','P',12400,11400,0,1,NULL,0),
	(1054,4,891,193,218,'Surya Profesional Mild','P',11000,9950,0,1,NULL,0),
	(1055,4,892,194,215,'Gudang Garam Signature','P',11500,10550,0,1,NULL,0),
	(1056,4,893,195,17,'Mie Tomyum Ayam Galau','P',16000,10000,0,1,NULL,0),
	(1057,4,894,195,18,'Mie Tomyum Ayam Dewa','P',17000,10000,0,1,NULL,0),
	(1058,4,895,195,15,'Mie Pedesh Special Dewa','P',18500,10000,0,1,NULL,0),
	(1059,4,896,195,71,'Jeruk Anget','P',4000,2000,0,1,NULL,0),
	(1060,4,897,195,67,'Lemon Tea Anget','P',4000,2000,0,1,NULL,0),
	(1061,4,898,195,70,'Es Lemon Tea Jumbo','P',5500,2000,0,1,NULL,0),
	(1062,4,899,195,158,'Chicken X.O.','P',20000,20000,0,1,NULL,0),
	(1063,4,900,195,121,'Vanilla Grape Sensation King Size','P',11000,5500,0,1,NULL,0),
	(1064,4,901,195,39,'Kerang Ijo Lada Hitam ','P',15000,8000,0,1,NULL,0),
	(1065,4,902,195,59,'Nasi Putih','P',3500,2000,0,1,NULL,0),
	(1066,4,903,196,104,'Fruit Salad','P',8500,4000,0,1,NULL,0),
	(1067,4,904,196,20,'Mie Tomyum Seafood Galau','P',18000,10000,0,1,NULL,0),
	(1068,4,905,196,8,'Mie Pedesh Ayam Galau','P',12500,7500,0,1,NULL,0),
	(1069,4,906,196,7,'Mie Pedesh Ayam Suwung','P',12500,7500,0,1,NULL,0),
	(1070,4,907,196,53,'Tahu Mbok Rawit','P',12500,7000,0,1,NULL,0),
	(1071,4,908,196,67,'Lemon Tea Anget','P',4000,2000,0,1,NULL,0),
	(1072,4,909,196,77,'Juice Tomato','P',8000,4000,0,1,NULL,0),
	(1073,4,910,196,200,'Orange Bawah Sadar King Size','P',15000,7000,0,1,NULL,0),
	(1074,4,911,197,11,'Mie Pedesh Seafood Suwung','P',15000,8000,0,1,NULL,0),
	(1075,4,912,197,16,'Mie Tomyum Ayam Suwung','P',16000,10000,0,1,NULL,0),
	(1076,4,913,197,64,'Es Teh Manis','P',2500,1000,0,1,NULL,0),
	(1077,4,914,198,210,'Camilan','P',2000,1500,0,1,NULL,0),
	(1078,4,915,199,150,'Milko (Milky Oreo) Regular','P',8000,4500,0,1,NULL,0),
	(1079,4,916,199,106,'Seafood Basket','P',14500,8000,0,1,NULL,0),
	(1080,4,917,199,11,'Mie Pedesh Seafood Suwung','P',15000,8000,0,1,NULL,0),
	(1081,4,918,199,120,'Vanilla Grape Sensation Regular','P',7500,4500,0,1,NULL,0),
	(1082,4,919,200,64,'Es Teh Manis','P',2500,1000,0,1,NULL,0),
	(1083,4,920,201,5,'Paket Kiddie A','P',19500,8500,0,1,NULL,0),
	(1084,4,921,201,6,'Paket Kiddie B','P',18000,8500,0,1,NULL,0),
	(1085,4,922,201,107,'Fish & Chip ','P',16000,8500,0,1,NULL,0),
	(1086,4,923,201,109,'Big Burger Mbok Rawit','P',14000,7500,0,1,NULL,0),
	(1087,4,924,201,62,'Wedang Roti ','P',8000,5000,0,1,NULL,0),
	(1088,4,925,201,64,'Es Teh Manis','P',2500,1000,0,1,NULL,0),
	(1089,4,926,201,68,'Es Lemon Tea ','P',4500,2000,0,1,NULL,0),
	(1090,4,927,202,168,'Udang Bakar','P',25000,25000,0,1,NULL,0),
	(1091,4,928,202,31,'Gurami Cabe Kering','P',45000,25000,0,1,NULL,0),
	(1092,4,929,202,59,'Nasi Putih','P',3500,2000,0,2,NULL,0),
	(1093,4,930,202,53,'Tahu Mbok Rawit','P',12500,7000,0,1,NULL,0),
	(1094,4,931,202,63,'Teh Manis','P',2000,1000,0,2,NULL,0),
	(1095,4,932,203,14,'Mie Pedesh Special Galau','P',17500,10000,0,1,NULL,0),
	(1096,4,933,203,106,'Seafood Basket','P',14500,8000,0,1,NULL,0),
	(1097,4,934,203,112,'BBM (Banana Berry Milk) King Size','P',12000,6500,0,1,NULL,0),
	(1098,4,935,204,221,'Surya Profesional (Merah)','P',14200,13150,0,1,NULL,0),
	(1099,4,936,205,52,'Udang Mentega','P',25000,12500,0,1,NULL,0),
	(1100,4,937,205,59,'Nasi Putih','P',3500,2000,0,1,NULL,0),
	(1101,4,938,205,60,'Onion Ring ','P',7500,4000,0,1,NULL,0),
	(1102,4,939,205,203,'Nasi Goreng Hokian','P',20000,8000,0,1,NULL,0),
	(1103,4,940,205,57,'Singkong Keju','P',12500,7000,0,1,NULL,0),
	(1104,4,941,205,64,'Es Teh Manis','P',2500,1000,0,1,NULL,0),
	(1105,4,942,205,195,'Lime Squash','P',12500,5000,0,1,NULL,0),
	(1106,4,943,205,208,'Pangsit','P',2000,1500,0,2,NULL,0),
	(1107,4,944,206,112,'BBM (Banana Berry Milk) King Size','P',12000,6500,0,1,NULL,0),
	(1108,4,945,207,168,'Udang Bakar','P',25000,25000,0,1,NULL,0),
	(1109,4,946,207,43,'Srimping Asam Manis','P',17500,10000,0,1,NULL,0),
	(1110,4,947,207,53,'Tahu Mbok Rawit','P',12500,7000,0,1,NULL,0),
	(1111,4,948,207,17,'Mie Tomyum Ayam Galau','P',16000,10000,0,1,NULL,0),
	(1112,4,949,207,25,'Cumi Asam Manis','P',25000,12500,0,1,NULL,0),
	(1113,4,950,207,103,'Chicken Steak Mbok Rawit','P',35000,17500,0,1,NULL,0),
	(1114,4,951,207,59,'Nasi Putih','P',3500,2000,0,3,NULL,0),
	(1115,4,952,207,155,'Cappuccino King Size','P',12000,6500,0,2,NULL,0),
	(1116,4,953,207,66,'Es Teh Manis Jumbo','P',3500,1000,0,1,NULL,0),
	(1117,4,954,207,74,'Es Jeruk Jumbo','P',5500,2000,0,1,NULL,0),
	(1118,4,955,208,59,'Nasi Putih','P',3500,2000,0,2,NULL,0),
	(1119,4,956,209,220,'GG Shiver','P',11600,10850,0,1,NULL,0),
	(1120,4,957,210,208,'Pangsit','P',2000,1500,0,1,NULL,0),
	(1121,4,958,211,218,'Surya Profesional Mild','P',11000,9950,0,1,NULL,0),
	(1122,4,959,212,210,'Camilan','P',2000,1500,0,1,NULL,0),
	(1123,4,960,213,222,'Nasi Telur','P',6000,3000,0,1,NULL,0),
	(1124,4,961,214,66,'Es Teh Manis Jumbo','P',3500,1000,0,1,NULL,0),
	(1125,4,962,215,206,'Air Mineral','P',1000,500,0,1,NULL,0),
	(1126,4,963,215,210,'Camilan','P',2000,1500,0,1,NULL,0),
	(1127,4,964,216,112,'BBM (Banana Berry Milk) King Size','P',12000,6500,0,1,NULL,0),
	(1128,4,965,216,103,'Chicken Steak Mbok Rawit','P',35000,17500,0,1,NULL,0),
	(1129,4,966,216,53,'Tahu Mbok Rawit','P',12500,7000,0,1,NULL,0),
	(1130,4,967,217,47,'Srimping Mentega','P',17500,10000,0,1,NULL,0),
	(1131,4,968,217,173,'Brokoli Oyster','P',15000,6500,0,1,NULL,0),
	(1132,4,969,217,103,'Chicken Steak Mbok Rawit','P',35000,17500,0,1,NULL,0),
	(1133,4,970,217,59,'Nasi Putih','P',3500,2000,0,2,NULL,0),
	(1134,4,971,217,66,'Es Teh Manis Jumbo','P',3500,1000,0,1,NULL,0),
	(1135,4,972,217,93,'Iced Chocolate','P',7000,2000,0,1,NULL,0),
	(1136,4,973,217,213,'Mete ','P',5000,4000,0,1,NULL,0),
	(1137,4,974,218,157,'Chicken Kungpou','P',20000,20000,0,1,NULL,0),
	(1138,4,975,218,59,'Nasi Putih','P',3500,2000,0,1,NULL,0),
	(1139,4,976,218,206,'Air Mineral','P',1000,500,0,1,NULL,0),
	(1140,4,977,219,66,'Es Teh Manis Jumbo','P',3500,1000,0,1,NULL,0),
	(1141,4,978,220,15,'Mie Pedesh Special Dewa','P',18500,10000,0,1,NULL,0),
	(1142,4,979,220,203,'Nasi Goreng Hokian','P',20000,8000,0,1,NULL,0),
	(1143,4,980,220,224,'Telur Mata Sapi','P',2500,1500,0,1,NULL,0),
	(1144,4,981,220,157,'Chicken Kungpou','P',20000,20000,0,1,NULL,0),
	(1145,4,982,220,59,'Nasi Putih','P',3500,2000,0,3,NULL,0),
	(1146,4,983,220,24,'Mie Tomyum Special Dewa','P',21000,12000,0,1,NULL,0),
	(1147,4,984,220,44,'Srimping Lada Hitam ','P',17500,10000,0,1,NULL,0),
	(1148,4,985,220,121,'Vanilla Grape Sensation King Size','P',11000,5500,0,1,NULL,0),
	(1149,4,986,220,206,'Air Mineral','P',1000,500,0,2,NULL,0),
	(1150,4,987,220,212,'Air Mineral Prima','P',2500,1300,0,1,NULL,0),
	(1151,4,988,220,62,'Wedang Roti ','P',8000,5000,0,1,NULL,0),
	(1152,4,989,220,200,'Orange Bawah Sadar King Size','P',15000,7000,0,1,NULL,0),
	(1153,4,990,220,113,'BBM (Banana Berry Milk) Hot','P',11000,5500,0,1,NULL,0),
	(1154,2,25,8,9,'Zaura','P',280000,200000,0,1,NULL,0),
	(1155,2,26,8,39,'Amanda','P',135000,85000,0,2,NULL,0),
	(1156,2,27,8,1,'Alaia ','P',100000,75000,0,1,NULL,0),
	(1157,2,28,8,18,'Kimono Cardi','P',265000,200000,0,1,NULL,0),
	(1158,2,29,9,9,'Zaura','P',280000,200000,0,1,NULL,0),
	(1159,2,30,9,23,'Diara','P',325000,250000,0,1,NULL,0),
	(1160,2,31,9,29,'Pax','P',320000,250000,0,1,NULL,0),
	(1161,2,32,9,33,'Ciciyo','P',229000,179000,0,1,NULL,0),
	(1162,2,33,10,26,'Syibilla','P',400000,300000,0,1,NULL,0),
	(1163,2,34,10,3,'Long Syiria','P',100000,75000,0,2,NULL,0),
	(1164,2,35,10,24,'Zavina','P',220000,150000,0,1,NULL,0),
	(1165,2,36,11,22,'Muzza','P',280000,200000,0,1,NULL,0),
	(1166,2,37,11,16,'Yoemi','P',325000,250000,0,1,NULL,0),
	(1167,2,38,11,17,'Rifqa Long Cardi','P',300000,250000,0,1,NULL,0),
	(1168,2,39,11,12,'Xeena','P',150000,100000,0,1,NULL,0),
	(1169,2,40,11,10,'Virra Cardi','P',280000,200000,0,1,NULL,0),
	(1170,2,41,11,15,'Alba','P',165000,100000,0,1,NULL,0),
	(1171,2,42,12,32,'Akela','P',219000,159000,0,1,NULL,0),
	(1172,2,43,12,17,'Rifqa Long Cardi','P',300000,250000,0,1,NULL,0),
	(1173,2,44,12,25,'Altari','P',300000,250000,0,1,NULL,0),
	(1174,2,45,12,44,'Lotta','P',150000,90000,0,1,NULL,0),
	(1175,2,46,12,12,'Xeena','P',150000,100000,0,1,NULL,0),
	(1176,2,47,12,24,'Zavina','P',220000,150000,0,1,NULL,0),
	(1177,2,48,13,8,'Kenny Pants FLower','P',280000,150000,0,1,NULL,0),
	(1178,2,49,13,36,'Ailee','P',289000,239000,0,1,NULL,0),
	(1179,2,50,13,26,'Syibilla','P',400000,300000,0,1,NULL,0),
	(1180,2,51,14,28,'Lana','P',265000,200000,0,1,NULL,0),
	(1181,2,52,14,45,'Vurla Scraf','P',65000,45000,0,1,NULL,0),
	(1182,2,53,14,5,'Elsafa','P',100000,75000,0,1,NULL,0),
	(1183,2,54,14,16,'Yoemi','P',325000,250000,0,1,NULL,0),
	(1184,2,55,15,23,'Diara','P',325000,250000,0,1,NULL,0),
	(1185,2,56,15,7,'Loewy ','P',250000,200000,0,1,NULL,0),
	(1186,2,57,15,36,'Ailee','P',289000,239000,0,1,NULL,0),
	(1187,2,58,16,5,'Elsafa','P',100000,75000,0,1,NULL,0),
	(1188,2,59,16,2,'Elsa','P',100000,75000,0,1,NULL,0),
	(1189,2,60,16,29,'Pax','P',320000,250000,0,1,NULL,0),
	(1190,2,61,17,26,'Syibilla','P',400000,300000,0,1,NULL,0),
	(1191,2,62,17,6,'Deligo Basic','P',200000,150000,0,1,NULL,0),
	(1192,2,63,17,10,'Virra Cardi','P',280000,200000,0,1,NULL,0),
	(1193,2,64,18,17,'Rifqa Long Cardi','P',300000,250000,0,1,NULL,0),
	(1194,2,65,18,15,'Alba','P',165000,100000,0,1,NULL,0),
	(1195,2,66,18,35,'Bambi Tops','P',189000,139000,0,1,NULL,0),
	(1196,1,140,65,13,'Ayam Bakar Petis Udang Spesial','P',7500,5000,0,1,NULL,0),
	(1197,1,141,65,4,'Ayam Bakar Kecap Manis','P',10000,6000,0,2,NULL,0),
	(1198,1,142,65,14,'Ayam Asam Manis','P',7500,6000,0,1,NULL,0),
	(1199,1,143,65,6,'Udang Bakar Madu','P',15000,15000,0,2,NULL,0),
	(1200,1,144,66,4,'Ayam Bakar Kecap Manis','P',10000,6000,0,1,NULL,0),
	(1201,1,145,66,6,'Udang Bakar Madu','P',15000,15000,0,2,NULL,0),
	(1202,1,146,66,14,'Ayam Asam Manis','P',7500,6000,0,2,NULL,0),
	(1203,1,147,66,11,'Soto Ayam','P',10000,10000,0,2,NULL,0),
	(1204,1,148,66,16,'Tongseng Kambing','P',25000,25000,0,2,NULL,0),
	(1205,1,149,66,5,'Sate Kambing Muda','P',17500,17500,0,1,NULL,0),
	(1206,1,150,67,4,'Ayam Bakar Kecap Manis','P',10000,6000,0,1,NULL,0),
	(1207,1,151,67,13,'Ayam Bakar Petis Udang Spesial','P',7500,5000,0,2,NULL,0),
	(1208,1,152,67,10,'Ayam Balado Sambal Pete','P',6500,6500,0,3,NULL,0),
	(1209,1,153,67,3,'Ayam Goreng Spesial Jamur','P',6500,6500,0,2,NULL,0),
	(1210,1,154,67,19,'Ayam Bakar Spesial','P',10000,10000,0,1,NULL,0),
	(1211,1,155,68,13,'Ayam Bakar Petis Udang Spesial','P',7500,5000,0,1,NULL,0),
	(1212,1,156,68,6,'Udang Bakar Madu','P',15000,15000,0,1,NULL,0),
	(1213,1,157,68,10,'Ayam Balado Sambal Pete','P',6500,6500,0,3,NULL,0),
	(1214,1,158,68,19,'Ayam Bakar Spesial','P',10000,10000,0,1,NULL,0),
	(1215,1,159,69,19,'Ayam Bakar Spesial','P',10000,10000,0,2,NULL,0),
	(1216,1,160,69,13,'Ayam Bakar Petis Udang Spesial','P',7500,5000,0,1,NULL,0),
	(1217,1,161,69,3,'Ayam Goreng Spesial Jamur','P',6500,6500,0,3,NULL,0),
	(1218,2,67,19,36,'Ailee','P',289000,239000,0,1,NULL,0),
	(1219,2,68,20,1,'Alaia ','P',100000,75000,0,1,NULL,0),
	(1220,2,69,20,39,'Amanda','P',135000,85000,0,1,NULL,0),
	(1221,2,70,20,15,'Alba','P',165000,100000,0,2,NULL,0),
	(1222,2,71,20,36,'Ailee','P',289000,239000,0,1,NULL,0),
	(1223,2,72,20,45,'Vurla Scraf','P',65000,45000,0,1,NULL,0),
	(1224,2,73,21,8,'Kenny Pants FLower','P',280000,150000,0,2,NULL,0),
	(1225,2,74,21,32,'Akela','P',219000,159000,0,1,NULL,0),
	(1226,2,75,22,18,'Kimono Cardi','P',265000,200000,0,2,NULL,0),
	(1227,2,76,22,20,'Harviah Cardi','P',265000,200000,0,2,NULL,0),
	(1228,2,77,23,9,'Zaura','P',280000,200000,0,1,NULL,0),
	(1229,2,78,24,32,'Akela','P',219000,159000,0,2,NULL,0),
	(1230,2,79,24,25,'Altari','P',300000,250000,0,1,NULL,0),
	(1231,2,80,24,41,'Amyta Cardi','P',165000,100000,0,2,NULL,0),
	(1232,2,81,25,31,'Gianna','P',269000,200000,0,1,NULL,0),
	(1233,2,82,25,39,'Amanda','P',135000,85000,0,1,NULL,0),
	(1234,2,83,25,32,'Akela','P',219000,159000,0,0,NULL,0),
	(1235,2,84,26,1,'Alaia ','P',100000,75000,0,1,NULL,0),
	(1236,2,85,26,32,'Akela','P',219000,159000,0,1,NULL,0),
	(1237,2,86,27,2,'Elsa','P',100000,75000,0,2,NULL,0),
	(1238,2,87,27,33,'Ciciyo','P',229000,179000,0,1,NULL,0),
	(1239,2,88,27,35,'Bambi Tops','P',189000,139000,0,1,NULL,0),
	(1240,2,89,28,13,'Fiqa','P',235000,185000,0,2,NULL,0),
	(1241,2,90,28,1,'Alaia ','P',100000,75000,0,1,NULL,0),
	(1242,2,91,29,15,'Alba','P',165000,100000,0,1,NULL,0),
	(1243,2,92,30,33,'Ciciyo','P',229000,179000,0,0,NULL,0),
	(1244,1,162,70,3,'Ayam Goreng Spesial Jamur','P',6500,6500,0,1,NULL,0),
	(1245,1,163,70,13,'Ayam Bakar Petis Udang Spesial','P',7500,5000,0,2,NULL,0),
	(1246,1,164,70,4,'Ayam Bakar Kecap Manis','P',10000,6000,0,1,NULL,0),
	(1247,1,165,71,13,'Ayam Bakar Petis Udang Spesial','P',7500,5000,0,1,NULL,0),
	(1248,1,166,71,6,'Udang Bakar Madu','P',15000,15000,0,2,NULL,0),
	(1249,1,167,71,3,'Ayam Goreng Spesial Jamur','P',6500,6500,0,1,NULL,0),
	(1250,1,168,71,19,'Ayam Bakar Spesial','P',10000,10000,0,1,NULL,0),
	(1251,1,169,72,11,'Soto Ayam','P',10000,10000,0,1,NULL,0),
	(1252,1,170,72,19,'Ayam Bakar Spesial','P',10000,10000,0,1,NULL,0),
	(1253,1,171,72,16,'Tongseng Kambing','P',25000,25000,0,1,NULL,0),
	(1254,1,172,72,8,'Gado-gado','P',5000,5000,0,1,NULL,0),
	(1255,1,173,72,6,'Udang Bakar Madu','P',15000,15000,0,1,NULL,0),
	(1256,1,174,72,13,'Ayam Bakar Petis Udang Spesial','P',7500,5000,0,2,NULL,0),
	(1257,1,175,72,10,'Ayam Balado Sambal Pete','P',6500,6500,0,1,NULL,0),
	(1258,1,176,72,3,'Ayam Goreng Spesial Jamur','P',6500,6500,0,1,NULL,0),
	(1259,1,177,73,19,'Ayam Bakar Spesial','P',10000,10000,0,2,NULL,0),
	(1260,1,178,73,4,'Ayam Bakar Kecap Manis','P',10000,6000,0,1,NULL,0),
	(1261,1,179,73,14,'Ayam Asam Manis','P',7500,6000,0,3,NULL,0),
	(1262,1,180,73,3,'Ayam Goreng Spesial Jamur','P',6500,6500,0,2,NULL,0),
	(1263,1,181,74,11,'Soto Ayam','P',10000,10000,0,3,NULL,0),
	(1264,1,182,74,13,'Ayam Bakar Petis Udang Spesial','P',7500,5000,0,3,NULL,0),
	(1265,1,183,74,4,'Ayam Bakar Kecap Manis','P',10000,6000,0,2,NULL,0),
	(1266,1,184,74,5,'Sate Kambing Muda','P',17500,17500,0,2,NULL,0),
	(1267,1,185,75,8,'Gado-gado','P',5000,5000,0,2,NULL,0),
	(1268,1,186,75,19,'Ayam Bakar Spesial','P',10000,10000,0,2,NULL,0),
	(1269,1,187,75,7,'Bakso Urat Spesial','P',8000,8000,0,3,NULL,0),
	(1270,1,188,75,13,'Ayam Bakar Petis Udang Spesial','P',7500,5000,0,1,NULL,0),
	(1271,1,189,75,11,'Soto Ayam','P',10000,10000,0,1,NULL,0),
	(1272,1,190,76,13,'Ayam Bakar Petis Udang Spesial','P',7500,5000,0,1,NULL,0),
	(1273,1,191,76,15,'Cah Kangkung','P',7500,7500,0,2,NULL,0),
	(1274,1,192,76,5,'Sate Kambing Muda','P',17500,17500,0,3,NULL,0),
	(1275,2,93,31,28,'Lana','P',265000,200000,0,1,NULL,0),
	(1276,2,94,31,24,'Zavina','P',220000,150000,0,1,NULL,0),
	(1277,2,95,31,36,'Ailee','P',289000,239000,0,1,NULL,0),
	(1278,2,96,32,29,'Pax','P',320000,250000,0,1,NULL,0),
	(1279,2,97,32,37,'Striped Neola','P',209000,159000,0,1,NULL,0),
	(1280,2,98,32,24,'Zavina','P',220000,150000,0,1,NULL,0),
	(1281,2,99,32,33,'Ciciyo','P',229000,179000,0,1,NULL,0),
	(1282,2,100,33,1,'Alaia ','P',100000,75000,0,1,NULL,0),
	(1283,2,101,33,3,'Long Syiria','P',100000,75000,0,1,NULL,0),
	(1284,1,193,77,19,'Ayam Bakar Spesial','P',10000,10000,0,2,NULL,0),
	(1285,1,194,77,4,'Ayam Bakar Kecap Manis','P',10000,6000,0,1,NULL,0),
	(1286,1,195,77,5,'Sate Kambing Muda','P',17500,17500,0,1,NULL,0),
	(1287,1,196,77,6,'Udang Bakar Madu','P',15000,15000,0,1,NULL,0),
	(1288,1,197,78,4,'Ayam Bakar Kecap Manis','P',10000,6000,0,2,NULL,0),
	(1289,1,198,78,12,'Sate Kambing','P',17500,17500,0,1,NULL,0),
	(1290,1,199,78,1,'Daging Sapi Asap Spesial','P',10000,10000,0,1,NULL,0),
	(1291,1,200,78,11,'Soto Ayam','P',10000,10000,0,1,NULL,0),
	(1292,1,201,79,6,'Udang Bakar Madu','P',15000,15000,0,2,NULL,0),
	(1293,1,202,79,16,'Tongseng Kambing','P',25000,25000,0,2,NULL,0),
	(1294,1,203,79,5,'Sate Kambing Muda','P',17500,17500,0,2,NULL,0),
	(1295,1,204,79,13,'Ayam Bakar Petis Udang Spesial','P',7500,5000,0,1,NULL,0),
	(1296,1,205,79,4,'Ayam Bakar Kecap Manis','P',10000,6000,0,1,NULL,0),
	(1297,2,102,34,36,'Ailee','P',289000,239000,0,1,NULL,0),
	(1298,2,103,34,5,'Elsafa','P',100000,75000,0,1,NULL,0),
	(1299,2,104,34,41,'Amyta Cardi','P',165000,100000,0,1,NULL,0),
	(1300,2,105,35,31,'Gianna','P',269000,200000,0,1,NULL,0),
	(1301,2,106,35,38,'Koma Blouse','P',179000,129000,0,1,NULL,0),
	(1302,2,107,36,8,'Kenny Pants FLower','P',280000,150000,0,2,NULL,0),
	(1303,2,108,37,25,'Altari','P',300000,250000,0,1,NULL,0),
	(1304,2,109,38,41,'Amyta Cardi','P',165000,100000,0,2,NULL,0),
	(1305,2,110,38,1,'Alaia ','P',100000,75000,0,2,NULL,0),
	(1306,2,111,39,32,'Akela','P',219000,159000,0,9,NULL,0),
	(1307,1,206,80,13,'Ayam Bakar Petis Udang Spesial','P',7500,5000,0,2,NULL,0),
	(1308,1,207,80,5,'Sate Kambing Muda','P',17500,17500,0,1,NULL,0),
	(1309,1,208,80,4,'Ayam Bakar Kecap Manis','P',10000,6000,0,1,NULL,0),
	(1310,2,112,40,1,'Alaia ','P',100000,75000,0,1,NULL,0),
	(1311,2,113,40,39,'Amanda','P',135000,85000,0,1,NULL,0),
	(1312,2,114,40,33,'Ciciyo','P',229000,179000,0,1,NULL,0),
	(1313,2,115,41,15,'Alba','P',165000,100000,0,1,NULL,0),
	(1314,2,116,41,42,'Ariana','P',185000,150000,0,1,NULL,0),
	(1315,2,117,41,12,'Xeena','P',150000,100000,0,1,NULL,0),
	(1316,2,118,42,12,'Xeena','P',150000,100000,0,1,NULL,0),
	(1317,2,119,42,37,'Striped Neola','P',209000,159000,0,1,NULL,0),
	(1318,2,120,43,34,'Kimu Striped','P',239000,189000,0,1,NULL,0),
	(1319,2,121,43,7,'Loewy ','P',250000,200000,0,1,NULL,0),
	(1320,2,122,43,14,'Greysa','P',250000,175000,0,1,NULL,0),
	(1321,2,123,43,13,'Fiqa','P',235000,185000,0,1,NULL,0),
	(1322,2,124,44,20,'Harviah Cardi','P',265000,200000,0,1,NULL,0),
	(1323,2,125,44,40,'Kiara ','P',250000,200000,0,1,NULL,0),
	(1324,2,126,44,44,'Lotta','P',150000,90000,0,1,NULL,0),
	(1325,2,127,45,1,'Alaia ','P',100000,75000,0,1,NULL,0),
	(1326,2,128,45,36,'Ailee','P',289000,239000,0,1,NULL,0),
	(1327,2,129,45,31,'Gianna','P',269000,200000,0,1,NULL,0),
	(1328,2,130,46,44,'Lotta','P',150000,90000,0,1,NULL,0),
	(1329,2,131,46,20,'Harviah Cardi','P',265000,200000,0,1,NULL,0),
	(1330,2,132,46,7,'Loewy ','P',250000,200000,0,1,NULL,0),
	(1331,2,133,46,12,'Xeena','P',150000,100000,0,1,NULL,0),
	(1332,2,134,46,9,'Zaura','P',280000,200000,0,1,NULL,0),
	(1333,2,135,47,20,'Harviah Cardi','P',265000,200000,0,1,NULL,0),
	(1334,2,136,47,36,'Ailee','P',289000,239000,0,2,NULL,0),
	(1335,2,137,47,32,'Akela','P',219000,159000,0,1,NULL,0),
	(1336,1,209,81,19,'Ayam Bakar Spesial','P',10000,10000,0,1,NULL,0),
	(1337,1,210,81,2,'Bakso Sapi Spesial Jamur Merang','P',8000,8000,0,2,NULL,0),
	(1338,1,211,81,5,'Sate Kambing Muda','P',17500,17500,0,1,NULL,0),
	(1339,1,212,82,5,'Sate Kambing Muda','P',17500,17500,0,1,NULL,0),
	(1340,1,213,82,13,'Ayam Bakar Petis Udang Spesial','P',7500,5000,0,3,NULL,0),
	(1341,1,214,82,4,'Ayam Bakar Kecap Manis','P',10000,6000,0,1,NULL,0),
	(1342,1,215,83,5,'Sate Kambing Muda','P',17500,17500,0,1,NULL,0),
	(1343,1,216,83,12,'Sate Kambing','P',17500,17500,0,2,NULL,0),
	(1344,1,217,84,5,'Sate Kambing Muda','P',17500,17500,0,1,NULL,0),
	(1345,1,218,84,12,'Sate Kambing','P',17500,17500,0,2,NULL,0),
	(1346,1,219,84,8,'Gado-gado','P',5000,5000,0,3,NULL,0),
	(1347,1,220,84,6,'Udang Bakar Madu','P',15000,15000,0,3,NULL,0),
	(1348,1,221,85,7,'Bakso Urat Spesial','P',8000,8000,0,3,NULL,0),
	(1349,1,222,85,8,'Gado-gado','P',5000,5000,0,3,NULL,0),
	(1350,1,223,85,16,'Tongseng Kambing','P',25000,25000,0,2,NULL,0),
	(1351,1,224,85,5,'Sate Kambing Muda','P',17500,17500,0,1,NULL,0),
	(1352,1,225,86,5,'Sate Kambing Muda','P',17500,17500,0,2,NULL,0),
	(1353,1,226,86,14,'Ayam Asam Manis','P',7500,6000,0,3,NULL,0);

/*!40000 ALTER TABLE `transaction_item` ENABLE KEYS */;
UNLOCK TABLES;


# Dump of table transactions
# ------------------------------------------------------------

DROP TABLE IF EXISTS `transactions`;

CREATE TABLE `transactions` (
  `id` int(11) NOT NULL AUTO_INCREMENT,
  `merchant_id` int(11) DEFAULT NULL,
  `remote_id` int(11) DEFAULT NULL,
  `transaction_no` varchar(50) DEFAULT NULL,
  `order_type` varchar(50) DEFAULT NULL,
  `order_reference` varchar(50) DEFAULT NULL,
  `transaction_date` datetime DEFAULT NULL,
  `bill_amount` int(11) DEFAULT NULL,
  `discount_name` varchar(50) DEFAULT NULL,
  `discount_percentage` int(11) DEFAULT NULL,
  `discount_amount` int(11) DEFAULT NULL,
  `tax_percentage` int(11) DEFAULT NULL,
  `tax_amount` int(11) DEFAULT NULL,
  `service_charge_percentage` int(11) DEFAULT NULL,
  `service_charge_amount` int(11) DEFAULT NULL,
  `total_amount` int(11) DEFAULT NULL,
  `payment_amount` int(11) DEFAULT NULL,
  `return_amount` int(11) DEFAULT NULL,
  `payment_type` varchar(50) DEFAULT NULL,
  `cashier_id` int(11) DEFAULT NULL,
  `cashier_name` varchar(50) DEFAULT NULL,
  `customer_id` int(11) DEFAULT NULL,
  `customer_name` varchar(50) DEFAULT NULL,
  `status` varchar(50) DEFAULT NULL,
  PRIMARY KEY (`id`)
) ENGINE=InnoDB DEFAULT CHARSET=utf8;

LOCK TABLES `transactions` WRITE;
/*!40000 ALTER TABLE `transactions` DISABLE KEYS */;

INSERT INTO `transactions` (`id`, `merchant_id`, `remote_id`, `transaction_no`, `order_type`, `order_reference`, `transaction_date`, `bill_amount`, `discount_name`, `discount_percentage`, `discount_amount`, `tax_percentage`, `tax_amount`, `service_charge_percentage`, `service_charge_amount`, `total_amount`, `payment_amount`, `return_amount`, `payment_type`, `cashier_id`, `cashier_name`, `customer_id`, `customer_name`, `status`)
VALUES
	(11,1,1,'20150214002759248',NULL,NULL,'2015-01-01 16:27:59',25000,'Diskon Member',10,2500,0,0,0,0,22500,30000,7500,'CASH',3,'Bram',0,NULL,NULL),
	(12,1,2,'20150214002819591',NULL,NULL,'2015-01-03 16:28:20',60000,'Diskon Member',10,6000,0,0,0,0,54000,60000,6000,'CASH',3,'Bram',0,NULL,NULL),
	(13,1,3,'20150214002833559',NULL,NULL,'2015-02-01 16:28:34',32000,'Diskon Member',10,3200,0,0,0,0,28800,60000,31200,'CASH',3,'Bram',0,NULL,NULL),
	(14,1,4,'20150214002901724',NULL,NULL,'2015-02-03 16:29:02',90000,'Diskon Member',10,9000,0,0,0,0,81000,85000,4000,'CASH',3,'Bram',0,NULL,NULL),
	(15,1,5,'20150214002915795',NULL,NULL,'2015-02-10 16:29:16',26000,'Diskon Member',10,2600,0,0,0,0,23400,85000,61600,'CASH',3,'Bram',0,NULL,NULL),
	(16,1,6,'20150214003003463',NULL,NULL,'2015-02-13 16:30:03',20500,'Diskon Member',10,2050,0,0,0,0,18450,85000,66550,'CASH',3,'Bram',0,NULL,NULL),
	(17,1,7,'20150214124000580',NULL,NULL,'2015-02-14 04:40:01',25000,'Diskon Member',10,2500,0,0,0,0,22500,25000,2500,'CASH',1,'Retno',0,NULL,NULL),
	(18,1,8,'20150214124022880',NULL,NULL,'2015-02-14 04:40:23',17500,'Diskon Member',10,1750,0,0,0,0,15750,25000,9250,'CASH',1,'Retno',0,NULL,NULL),
	(19,1,9,'20150214124106280',NULL,NULL,'2015-02-14 04:41:06',42500,'Diskon Member',10,4250,0,0,0,0,38250,50000,11750,'CASH',1,'Retno',0,NULL,NULL),
	(20,1,10,'20150214124423282',NULL,NULL,'2015-02-14 04:44:23',7500,NULL,NULL,NULL,0,0,0,0,7500,10000,2500,'CASH',1,'Retno',0,NULL,NULL),
	(21,1,11,'20150214124458147',NULL,NULL,'2015-02-14 04:44:58',67500,'Diskon Member',10,6750,0,0,0,0,60750,70000,9250,'CASH',1,'Retno',0,NULL,NULL),
	(22,1,12,'20150214190951989',NULL,NULL,'2015-02-14 11:09:52',15500,NULL,NULL,NULL,0,0,0,0,15500,16000,500,'CASH',1,'Retno',0,NULL,NULL),
	(23,1,13,'20150214191509054',NULL,NULL,'2015-02-14 11:15:09',16500,NULL,NULL,NULL,0,0,0,0,16500,17000,500,'CASH',1,'Retno',0,NULL,NULL),
	(24,1,14,'20150214193142522',NULL,NULL,'2015-02-14 11:31:43',20000,'Diskon Member',10,2000,0,0,0,0,18000,20000,2000,'CASH',1,'Retno',0,NULL,NULL),
	(25,1,15,'20150214193242988',NULL,NULL,'2015-02-14 11:32:43',14000,NULL,NULL,NULL,0,0,0,0,14000,15000,1000,'CASH',1,'Retno',0,NULL,NULL),
	(26,1,16,'20150214193422189',NULL,NULL,'2015-02-14 11:34:22',16500,NULL,NULL,NULL,0,0,0,0,16500,20000,3500,'CASH',1,'Retno',0,NULL,NULL),
	(27,1,18,'20150212123840545',NULL,NULL,'2015-02-12 04:38:41',30000,'Diskon Member',15,4500,0,0,0,0,25500,0,-25500,'CASH',3,'Bram',0,NULL,NULL),
	(28,1,19,'20150215135422865',NULL,NULL,'2015-02-15 05:54:23',52500,'Diskon Member',10,5250,0,0,0,0,47250,100000,52750,'CASH',1,'Retno',0,NULL,NULL),
	(29,1,20,'20150218024739039',NULL,NULL,'2015-02-17 18:47:39',41500,'Diskon Member',10,4150,0,0,0,0,37350,50000,12650,'CASH',1,'Retno',0,NULL,NULL),
	(30,1,21,'20150221114447927',NULL,NULL,'2015-02-21 03:44:48',29000,NULL,NULL,NULL,0,0,0,0,29000,30000,1000,'CASH',3,'Bram',4,'Jasmine Anita',NULL),
	(31,1,22,'20150221160451819',NULL,NULL,'2015-02-21 08:04:52',12500,'Diskon Member',10,1250,0,0,0,0,11250,20000,8750,'CASH',3,'Bram',2,'Amelia Kurniawan',NULL),
	(32,1,23,'20150221160728133',NULL,NULL,'2015-02-21 08:07:28',27500,'Diskon Member',10,2750,0,0,0,0,24750,30000,5250,'CASH',3,'Bram',2,'Amelia Kurniawan',NULL),
	(33,1,24,'20150221164958896',NULL,NULL,'2015-02-21 08:49:59',29500,'Diskon Member',10,2950,0,0,0,0,26550,30000,3450,'CASH',3,'Bram',2,'Amelia Kurniawan',NULL),
	(34,1,25,'20150222170517863',NULL,NULL,'2015-02-22 09:05:18',16500,'Diskon Member',10,1650,0,0,0,0,14850,15000,150,'CASH',1,'Retno',0,NULL,NULL),
	(35,1,26,'20150222170604290',NULL,NULL,'2015-02-22 09:06:04',16500,'Diskon Member',10,1650,0,0,0,0,14850,15000,150,'CASH',1,'Retno',0,NULL,NULL),
	(36,1,27,'20150222183848987',NULL,NULL,'2015-02-22 10:38:49',10000,'Diskon Member',10,1000,0,0,0,0,9000,10000,1000,'CASH',1,'Retno',0,NULL,NULL),
	(37,1,28,'20150222185511889',NULL,NULL,'2015-02-22 10:55:12',10000,'Diskon Member',10,1000,0,0,0,0,9000,10000,1000,'CASH',1,'Retno',0,NULL,NULL),
	(38,1,29,'20150222192722819',NULL,NULL,'2015-02-22 11:27:23',29000,'Diskon Member',10,2900,0,0,0,0,26100,30000,3900,'CASH',3,'Bram',2,'Amelia Kurniawan',NULL),
	(39,1,30,'20150223001046017',NULL,NULL,'2015-02-22 16:10:46',17500,NULL,NULL,NULL,0,0,0,0,17500,20000,2500,'CASH',1,'Retno',0,NULL,NULL),
	(40,1,31,'20150223003223630',NULL,NULL,'2015-02-22 16:32:24',7500,'Diskon Member',10,750,0,0,0,0,6750,7000,250,'CASH',1,'Retno',0,NULL,NULL),
	(41,1,32,'20150223003328005',NULL,NULL,'2015-02-22 16:33:28',10000,'Diskon Member',10,1000,0,0,0,0,9000,10000,1000,'CASH',1,'Retno',0,NULL,NULL),
	(42,1,33,'20150223102416180',NULL,NULL,'2015-02-23 02:24:16',10000,NULL,NULL,NULL,0,0,0,0,10000,10000,0,'CASH',1,'Retno',0,NULL,NULL),
	(43,1,34,'20150223112727187',NULL,NULL,'2015-02-23 03:27:27',25000,'Diskon Member',10,2500,0,0,0,0,22500,30000,7500,'CASH',1,'Retno',0,NULL,NULL),
	(44,1,35,'20150223122622452',NULL,NULL,'2015-02-23 04:26:22',7500,'Diskon Member',10,750,0,0,0,0,6750,10000,3250,'CASH',1,'Retno',0,NULL,NULL),
	(45,1,36,'20150223123127355',NULL,NULL,'2015-02-23 04:31:27',17500,NULL,NULL,NULL,0,0,0,0,17500,18000,500,'CASH',1,'Retno',0,NULL,NULL),
	(46,1,37,'20150223130456391',NULL,NULL,'2015-02-23 05:04:56',17500,NULL,NULL,NULL,0,0,0,0,17500,20000,2500,'CASH',1,'Retno',0,NULL,NULL),
	(47,1,38,'20150223173001849',NULL,NULL,'2015-02-23 09:30:02',6500,'Diskon Member',10,650,0,0,0,0,5850,6000,150,'CASH',1,'Retno',0,NULL,NULL),
	(48,4,1,'20150225021539132',NULL,NULL,'2015-02-24 18:15:39',17500,NULL,NULL,NULL,0,0,0,0,17500,20000,2500,'CASH',1,'kasir1',0,NULL,NULL),
	(49,4,2,'20150225024652589',NULL,NULL,'2015-02-24 18:46:53',13500,NULL,NULL,NULL,0,0,0,0,13500,15000,1500,'CASH',1,'kasir1',0,NULL,NULL),
	(50,4,3,'20150224141120288',NULL,NULL,'2015-02-24 19:11:20',60000,NULL,NULL,NULL,0,0,0,0,60000,60000,0,'CASH',1,'kasir1',0,NULL,NULL),
	(51,4,4,'20150226013310038',NULL,NULL,'2015-02-25 18:33:10',187500,NULL,NULL,NULL,0,0,0,0,187500,105000,-82500,'CASH',1,'kasir1',0,NULL,NULL),
	(52,4,5,'20150226013555650',NULL,NULL,'2015-02-25 18:35:55',92000,NULL,NULL,NULL,0,0,0,0,92000,100000,8000,'CASH',1,'kasir1',0,NULL,NULL),
	(53,4,6,'20150226221338694',NULL,NULL,'2015-02-26 15:13:38',153000,NULL,NULL,NULL,0,0,0,0,153000,160000,7000,'CASH',3,'Vega Oktavialita',0,NULL,NULL),
	(54,1,49,'20150301134223902',NULL,NULL,'2015-03-01 06:42:23',15000,NULL,NULL,NULL,0,0,0,0,15000,20000,5000,'CASH',3,'Bram',0,NULL,'A'),
	(55,1,50,'20150301134703571','DINE_IN','5','2015-03-01 06:47:03',15000,NULL,NULL,NULL,0,0,0,0,15000,20000,5000,'CASH',3,'Bram',0,NULL,'A'),
	(56,1,51,'20150301140756736',NULL,NULL,'2015-03-01 07:07:56',50000,NULL,NULL,NULL,0,0,0,0,50000,50000,0,'CASH',3,'Bram',0,NULL,'A'),
	(57,1,52,'20150301142620558','DINE_IN','6','2015-03-01 07:26:20',76000,NULL,NULL,NULL,0,0,0,0,76000,100000,24000,'CASH',3,'Bram',0,NULL,'A'),
	(58,1,53,'20150301224645785',NULL,NULL,'2015-03-01 15:46:45',51000,NULL,NULL,NULL,0,0,0,0,51000,0,-51000,'CASH',1,'Retno',4,'Jasmine Anita','A'),
	(59,1,54,'20150301224742863',NULL,NULL,'2015-03-01 15:47:42',37500,NULL,NULL,NULL,0,0,0,0,37500,50000,12500,'CASH',1,'Retno',4,'Jasmine Anita','A'),
	(60,1,55,'20150301224959271',NULL,NULL,'2015-03-01 15:49:59',55000,'Diskon Member',10,5500,0,0,0,0,49500,49500,0,'DEBIT',3,'Bram',3,'Jihan Mutia','A'),
	(61,1,56,'20150302161859708',NULL,NULL,'2015-03-02 09:18:59',235000,NULL,NULL,NULL,0,0,0,0,235000,250000,15000,'DEBIT',3,'Bram',4,'Jasmine Anita','A'),
	(62,1,57,'20150302164726787',NULL,NULL,'2015-03-02 09:47:26',35000,NULL,NULL,NULL,0,0,0,0,35000,35,-34965,'DEBIT',3,'Bram',3,'Jihan Mutia','A'),
	(63,1,58,'20150303120844237',NULL,NULL,'2015-03-03 05:08:44',85500,'Diskon Member',10,8550,0,0,0,0,76950,76950,0,'DEBIT',3,'Bram',4,'Jasmine Anita','A'),
	(64,1,59,'20150303152937931',NULL,NULL,'2015-03-03 08:29:37',23500,'Diskon Member',10,2350,0,0,0,0,21150,50000,28850,'CASH',3,'Bram',0,NULL,'A'),
	(65,1,60,'20150304175050661',NULL,NULL,'2015-03-04 10:50:50',75000,'Diskon Kerabat',20,15000,0,0,0,0,60000,60000,0,'DEBIT',3,'Bram',2,'Amelia Kurniawan','A'),
	(66,4,7,'20150301232646778','DINE_IN','5','2015-03-01 16:26:46',78000,NULL,NULL,NULL,0,0,0,0,78000,100000,22000,'CASH',1,'kasir1',0,NULL,'A'),
	(67,4,8,'20150306134731793','DINE_IN','1','2015-03-06 06:47:31',25000,NULL,NULL,NULL,0,0,0,0,25000,25000,0,'CASH',4,'friska',0,NULL,'A'),
	(68,4,9,'20150306135713611','DINE_IN','1','2015-03-06 06:57:13',20000,NULL,NULL,NULL,0,0,0,0,20000,50000,30000,'CASH',4,'friska',0,NULL,'A'),
	(69,4,10,'20150306151536844','DINE_IN','1','2015-03-06 08:15:36',26000,NULL,NULL,NULL,0,0,0,0,26000,40000,14000,'CASH',4,'friska',0,NULL,'A'),
	(70,4,11,'20150306154947896','DINE_IN','2','2015-03-06 08:49:47',20000,NULL,NULL,NULL,0,0,0,0,20000,50000,30000,'CASH',4,'friska',0,NULL,'A'),
	(71,4,12,'20150306160024712','DINE_IN','3','2015-03-06 09:00:24',68500,NULL,NULL,NULL,0,0,0,0,68500,70000,1500,'CASH',4,'friska',0,NULL,'A'),
	(72,4,13,'20150306160129907','DINE_IN','15','2015-03-06 09:01:29',28500,NULL,NULL,NULL,0,0,0,0,28500,50000,21500,'CASH',4,'friska',0,NULL,'A'),
	(73,4,14,'20150306160959864','DINE_IN','12','2015-03-06 09:09:59',6500,NULL,NULL,NULL,0,0,0,0,6500,6500,0,'CASH',4,'friska',0,NULL,'A'),
	(74,4,15,'20150306162724678','DINE_IN','12','2015-03-06 09:27:24',165500,NULL,NULL,NULL,0,0,0,0,165500,200000,34500,'CASH',4,'friska',0,NULL,'A'),
	(75,4,16,'20150306163748920','DINE_IN','2','2015-03-06 09:37:48',99000,NULL,NULL,NULL,0,0,0,0,99000,99000,0,'CASH',4,'friska',0,NULL,'A'),
	(76,4,17,'20150306164023092','DINE_IN','4','2015-03-06 09:40:23',17000,NULL,NULL,NULL,0,0,0,0,17000,20000,3000,'CASH',4,'friska',0,NULL,'A'),
	(77,4,18,'20150306164421148','DINE_IN','3','2015-03-06 09:44:21',44000,NULL,NULL,NULL,0,0,0,0,44000,45000,1000,'CASH',4,'friska',0,NULL,'A'),
	(78,4,19,'20150306164645145',NULL,NULL,'2015-03-06 09:46:45',47500,NULL,NULL,NULL,0,0,0,0,47500,50000,2500,'CASH',4,'friska',0,NULL,'A'),
	(79,4,20,'20150306170222359','DINE_IN','12','2015-03-06 10:02:22',165500,NULL,NULL,NULL,0,0,0,0,165500,200000,34500,'CASH',4,'friska',0,NULL,'A'),
	(80,4,21,'20150306170343438',NULL,NULL,'2015-03-06 10:03:43',11000,NULL,NULL,NULL,0,0,0,0,11000,11000,0,'CASH',4,'friska',0,NULL,'A'),
	(81,4,22,'20150306170500612','DINE_IN','5','2015-03-06 10:05:00',11000,NULL,NULL,NULL,0,0,0,0,11000,11000,0,'CASH',4,'friska',0,NULL,'A'),
	(82,4,23,'20150306171209558',NULL,NULL,'2015-03-06 10:12:09',11000,NULL,NULL,NULL,0,0,0,0,11000,12000,1000,'CASH',4,'friska',0,NULL,'A'),
	(83,4,24,'20150306171326330','DINE_IN','1','2015-03-06 10:13:26',11000,NULL,NULL,NULL,0,0,0,0,11000,12000,1000,'CASH',4,'friska',0,NULL,'A'),
	(84,4,25,'20150306171453433','DINE_IN','10','2015-03-06 10:14:53',5000,NULL,NULL,NULL,0,0,0,0,5000,5000,0,'CASH',4,'friska',0,NULL,'A'),
	(85,4,26,'20150306172642768','DINE_IN','7','2015-03-06 10:26:42',60000,NULL,NULL,NULL,0,0,0,0,60000,60000,0,'CASH',4,'friska',0,NULL,'A'),
	(86,4,27,'20150306175135122','DINE_IN','14','2015-03-06 10:51:35',72500,NULL,NULL,NULL,0,0,0,0,72500,75000,2500,'CASH',4,'friska',0,NULL,'A'),
	(87,4,28,'20150306175625815','DINE_IN','3','2015-03-06 10:56:25',65500,NULL,NULL,NULL,0,0,0,0,65500,100000,34500,'CASH',4,'friska',0,NULL,'A'),
	(88,4,29,'20150306181217587','DINE_IN','5','2015-03-06 11:12:17',77000,NULL,NULL,NULL,0,0,0,0,77000,100000,23000,'CASH',4,'friska',0,NULL,'A'),
	(89,4,30,'20150306181438646','DINE_IN','5','2015-03-06 11:14:38',2000,NULL,NULL,NULL,0,0,0,0,2000,2000,0,'CASH',4,'friska',0,NULL,'A'),
	(90,4,31,'20150306182222841','DINE_IN','8','2015-03-06 11:22:22',23000,NULL,NULL,NULL,0,0,0,0,23000,25000,2000,'CASH',4,'friska',0,NULL,'A'),
	(91,4,32,'20150306183819197','DINE_IN','1','2015-03-06 11:38:19',61500,NULL,NULL,NULL,0,0,0,0,61500,62000,500,'CASH',4,'friska',0,NULL,'A'),
	(92,4,33,'20150306184033628','DINE_IN','5','2015-03-06 11:40:33',11000,NULL,NULL,NULL,0,0,0,0,11000,12000,1000,'CASH',4,'friska',0,NULL,'A'),
	(93,4,34,'20150306193206112','DINE_IN','12','2015-03-06 12:32:06',79500,NULL,NULL,NULL,0,0,0,0,79500,100000,20500,'CASH',4,'friska',0,NULL,'A'),
	(94,4,35,'20150306211147563','DINE_IN','6','2015-03-06 14:11:47',93500,NULL,NULL,NULL,0,0,0,0,93500,93500,0,'CASH',4,'friska',0,NULL,'A'),
	(95,4,36,'20150306211646219','DINE_IN','7','2015-03-06 14:16:46',180500,NULL,NULL,NULL,0,0,0,0,180500,180500,0,'CASH',4,'friska',0,NULL,'A'),
	(96,4,37,'20150306212227992','DINE_IN','6','2015-03-06 14:22:27',75000,NULL,NULL,NULL,0,0,0,0,75000,75000,0,'CASH',4,'friska',0,NULL,'A'),
	(97,4,38,'20150306212341273','DINE_IN','2','2015-03-06 14:23:41',60500,NULL,NULL,NULL,0,0,0,0,60500,61000,500,'CASH',4,'friska',0,NULL,'A'),
	(98,4,39,'20150307115612495','DINE_IN','16','2015-03-07 04:56:12',11000,NULL,NULL,NULL,0,0,0,0,11000,11000,0,'CASH',4,'friska',0,NULL,'A'),
	(99,4,40,'20150307123119784','DINE_IN','13','2015-03-07 05:31:19',93500,NULL,NULL,NULL,0,0,0,0,93500,100500,7000,'CASH',4,'friska',0,NULL,'A'),
	(100,4,41,'20150307131354135','DINE_IN','8','2015-03-07 06:13:54',70000,NULL,NULL,NULL,0,0,0,0,70000,70000,0,'CASH',4,'friska',0,NULL,'A'),
	(101,4,42,'20150307131853515','DINE_IN','14','2015-03-07 06:18:53',75500,NULL,NULL,NULL,0,0,0,0,75500,100500,25000,'CASH',4,'friska',0,NULL,'A'),
	(102,4,43,'20150307133226091','DINE_IN','2','2015-03-07 06:32:26',127000,NULL,NULL,NULL,0,0,0,0,127000,150000,23000,'CASH',4,'friska',0,NULL,'A'),
	(103,4,44,'20150307135127411',NULL,NULL,'2015-03-07 06:51:27',11500,NULL,NULL,NULL,0,0,0,0,11500,50000,38500,'CASH',4,'friska',0,NULL,'A'),
	(104,4,45,'20150307143548882','DINE_IN','1','2015-03-07 07:35:48',50500,NULL,NULL,NULL,0,0,0,0,50500,50500,0,'CASH',4,'friska',0,NULL,'A'),
	(105,4,46,'20150307143643452','DINE_IN','2','2015-03-07 07:36:43',71500,NULL,NULL,NULL,0,0,0,0,71500,100000,28500,'CASH',4,'friska',0,NULL,'A'),
	(106,4,47,'20150307144154873','DINE_IN','2','2015-03-07 07:41:54',2000,NULL,NULL,NULL,0,0,0,0,2000,10000,8000,'CASH',4,'friska',0,NULL,'A'),
	(107,1,61,'20150310094520156',NULL,NULL,'2015-03-10 02:45:20',25000,NULL,NULL,NULL,0,0,0,0,25000,25000,0,'CASH',3,'Bram',0,NULL,'A'),
	(108,1,62,'20150310132449361',NULL,NULL,'2015-03-10 06:24:49',42500,'Diskon Member',10,4250,0,0,0,0,38250,50000,11750,'CASH',3,'Bram',4,'Jasmine Anita','A'),
	(109,1,63,'20150310134937513',NULL,NULL,'2015-03-10 06:49:37',22500,'Diskon Member',10,2250,0,0,0,0,20250,50000,29750,'CASH',3,'Bram',3,'Jihan Mutia','A'),
	(110,1,64,'20150310140402953',NULL,NULL,'2015-03-10 07:04:02',35500,'Diskon Kerabat',20,7100,0,0,0,0,28400,28400,0,'DEBIT',3,'Bram',3,'Jihan Mutia','A'),
	(111,2,1,'20150311080409701',NULL,NULL,'2015-03-11 01:04:09',598000,'Winter Season',10,59800,0,0,0,0,538200,538200,0,'CREDIT',2,'Kasir',3,'Ayu Andari','A'),
	(112,2,2,'20150311080547986',NULL,NULL,'2015-03-11 01:05:47',1324000,'Autumn Season',35,463400,0,0,0,0,860600,860600,0,'DEBIT',2,'Kasir',1,'Nasya Mahardika','A'),
	(113,2,3,'20150311080722562',NULL,NULL,'2015-03-11 01:07:22',680000,'Winter Season',10,68000,0,0,0,0,612000,612000,0,'DEBIT',2,'Kasir',4,'Nadya Pohan','A'),
	(114,2,4,'20150311080831322',NULL,NULL,'2015-03-11 01:08:31',835000,NULL,NULL,NULL,0,0,0,0,835000,835000,0,'CREDIT',2,'Kasir',4,'Nadya Pohan','A'),
	(115,2,5,'20150311080917930',NULL,NULL,'2015-03-11 01:09:17',614000,'Winter Season',10,61400,0,0,0,0,552600,552600,0,'DEBIT',2,'Kasir',0,NULL,'A'),
	(116,2,6,'20150311081014638',NULL,NULL,'2015-03-11 01:10:14',504000,NULL,NULL,NULL,0,0,0,0,504000,505000,1000,'CASH',2,'Kasir',0,NULL,'A'),
	(117,2,7,'20150311081157187',NULL,NULL,'2015-03-11 01:11:57',600000,NULL,NULL,NULL,0,0,0,0,600000,600000,0,'CASH',2,'Kasir',0,NULL,'A'),
	(118,4,48,'20150307152237621','DINE_IN','1','2015-03-07 08:22:37',8000,NULL,NULL,NULL,0,0,0,0,8000,50000,42000,'CASH',4,'friska',0,NULL,'A'),
	(119,4,49,'20150307152318480','DINE_IN','2','2015-03-07 08:23:18',34000,NULL,NULL,NULL,0,0,0,0,34000,50000,16000,'CASH',4,'friska',0,NULL,'A'),
	(120,4,50,'20150307154034747','DINE_IN','7','2015-03-07 08:40:34',43000,NULL,NULL,NULL,0,0,0,0,43000,50000,7000,'CASH',4,'friska',0,NULL,'A'),
	(121,4,51,'20150307154138484','DINE_IN','13','2015-03-07 08:41:38',113500,NULL,NULL,NULL,0,0,0,0,113500,150000,36500,'CASH',4,'friska',0,NULL,'A'),
	(122,4,52,'20150307161152893','DINE_IN','8','2015-03-07 09:11:52',61500,NULL,NULL,NULL,0,0,0,0,61500,100000,38500,'CASH',4,'friska',0,NULL,'A'),
	(123,4,53,'20150307161432586','DINE_IN','1','2015-03-07 09:14:32',50500,NULL,NULL,NULL,0,0,0,0,50500,60000,9500,'CASH',4,'friska',0,NULL,'A'),
	(124,4,54,'20150307164848929','DINE_IN','2','2015-03-07 09:48:48',35500,NULL,NULL,NULL,0,0,0,0,35500,40500,5000,'CASH',4,'friska',0,NULL,'A'),
	(125,4,55,'20150307165717696','DINE_IN','20','2015-03-07 09:57:17',20000,NULL,NULL,NULL,0,0,0,0,20000,50000,30000,'CASH',4,'friska',0,NULL,'A'),
	(126,4,56,'20150307181008177','DINE_IN','3','2015-03-07 11:10:08',183500,NULL,NULL,NULL,0,0,0,0,183500,200000,16500,'CASH',4,'friska',0,NULL,'A'),
	(127,4,57,'20150307181530741',NULL,NULL,'2015-03-07 11:15:30',11600,NULL,NULL,NULL,0,0,0,0,11600,15000,3400,'CASH',4,'friska',0,NULL,'A'),
	(128,4,58,'20150307181751044','DINE_IN','5','2015-03-07 11:17:51',53000,NULL,NULL,NULL,0,0,0,0,53000,100000,47000,'CASH',4,'friska',0,NULL,'A'),
	(129,4,59,'20150307182410417','DINE_IN','2','2015-03-07 11:24:10',26500,NULL,NULL,NULL,0,0,0,0,26500,30000,3500,'CASH',4,'friska',0,NULL,'A'),
	(130,4,60,'20150307182942599','DINE_IN','13','2015-03-07 11:29:42',41000,NULL,NULL,NULL,0,0,0,0,41000,50000,9000,'CASH',4,'friska',0,NULL,'A'),
	(131,4,61,'20150307190532275','DINE_IN','7','2015-03-07 12:05:32',139500,NULL,NULL,NULL,0,0,0,0,139500,150000,10500,'CASH',4,'friska',0,NULL,'A'),
	(132,4,62,'20150307191545550','DINE_IN','1','2015-03-07 12:15:45',72000,NULL,NULL,NULL,0,0,0,0,72000,100000,28000,'CASH',4,'friska',0,NULL,'A'),
	(133,4,63,'20150307192105027','DINE_IN','17','2015-03-07 12:21:05',23200,NULL,NULL,NULL,0,0,0,0,23200,25000,1800,'CASH',4,'friska',0,NULL,'A'),
	(134,4,64,'20150307192926410','DINE_IN','5','2015-03-07 12:29:26',99500,NULL,NULL,NULL,0,0,0,0,99500,100000,500,'CASH',4,'friska',0,NULL,'A'),
	(135,4,65,'20150307200615133','DINE_IN','8','2015-03-07 13:06:15',168000,NULL,NULL,NULL,0,0,0,0,168000,200000,32000,'CASH',4,'friska',0,NULL,'A'),
	(136,4,66,'20150307201450934','DINE_IN','2','2015-03-07 13:14:50',83000,NULL,NULL,NULL,0,0,0,0,83000,100000,17000,'CASH',4,'friska',0,NULL,'A'),
	(137,4,67,'20150307203405923','DINE_IN','9','2015-03-07 13:34:05',67000,NULL,NULL,NULL,0,0,0,0,67000,100000,33000,'CASH',4,'friska',0,NULL,'A'),
	(138,4,68,'20150307210427025','DINE_IN','2','2015-03-07 14:04:27',71000,NULL,NULL,NULL,0,0,0,0,71000,100000,29000,'CASH',4,'friska',0,NULL,'A'),
	(139,4,69,'20150307212528615','DINE_IN','5','2015-03-07 14:25:28',144000,NULL,NULL,NULL,0,0,0,0,144000,200000,56000,'CASH',4,'friska',0,NULL,'A'),
	(140,4,70,'20150307213640852','DINE_IN','1','2015-03-07 14:36:40',181500,NULL,NULL,NULL,0,0,0,0,181500,200000,18500,'CASH',4,'friska',0,NULL,'A'),
	(141,4,71,'20150307214145368',NULL,NULL,'2015-03-07 14:41:45',121500,NULL,NULL,NULL,0,0,0,0,121500,200000,78500,'CASH',4,'friska',0,NULL,'A'),
	(142,4,72,'20150307214311506','DINE_IN','4','2015-03-07 14:43:11',36000,NULL,NULL,NULL,0,0,0,0,36000,36000,0,'CASH',4,'friska',0,NULL,'A'),
	(143,4,73,'20150307215813484',NULL,NULL,'2015-03-07 14:58:13',11500,NULL,NULL,NULL,0,0,0,0,11500,12000,500,'CASH',4,'friska',0,NULL,'A'),
	(144,4,74,'20150307221622173','DINE_IN','9','2015-03-07 15:16:22',64000,NULL,NULL,NULL,0,0,0,0,64000,65000,1000,'CASH',4,'friska',0,NULL,'A'),
	(145,4,75,'20150307222221408','DINE_IN','6','2015-03-07 15:22:21',156500,NULL,NULL,NULL,0,0,0,0,156500,157000,500,'CASH',4,'friska',0,NULL,'A'),
	(146,4,76,'20150307223518349','DINE_IN','2','2015-03-07 15:35:18',50500,NULL,NULL,NULL,0,0,0,0,50500,100000,49500,'CASH',4,'friska',0,NULL,'A'),
	(147,4,77,'20150307234152531',NULL,NULL,'2015-03-07 16:41:52',28500,NULL,NULL,NULL,0,0,0,0,28500,28500,0,'CASH',4,'friska',0,NULL,'A'),
	(148,4,78,'20150307234306343',NULL,NULL,'2015-03-07 16:43:06',3500,NULL,NULL,NULL,0,0,0,0,3500,3500,0,'CASH',4,'friska',0,NULL,'A'),
	(149,4,79,'20150307234445630',NULL,NULL,'2015-03-07 16:44:45',3000,NULL,NULL,NULL,0,0,0,0,3000,3000,0,'CASH',4,'friska',0,NULL,'A'),
	(150,4,80,'20150308000814906','DINE_IN','7','2015-03-07 17:08:14',3000,NULL,NULL,NULL,0,0,0,0,3000,3000,0,'CASH',4,'friska',0,NULL,'A'),
	(151,4,81,'20150308121251996','DINE_IN','2','2015-03-08 05:12:51',84000,NULL,NULL,NULL,0,0,0,0,84000,100000,16000,'CASH',4,'friska',0,NULL,'A'),
	(152,4,82,'20150308123742541',NULL,NULL,'2015-03-08 05:37:42',11600,NULL,NULL,NULL,0,0,0,0,11600,12000,400,'CASH',4,'friska',0,NULL,'A'),
	(153,4,83,'20150308124140475','DINE_IN','6','2015-03-08 05:41:40',27500,NULL,NULL,NULL,0,0,0,0,27500,27500,0,'CASH',4,'friska',0,NULL,'A'),
	(154,4,84,'20150308133915358','DINE_IN','1','2015-03-08 06:39:15',119000,NULL,NULL,NULL,0,0,0,0,119000,150000,31000,'CASH',4,'friska',0,NULL,'A'),
	(155,4,85,'20150308141404978','DINE_IN','9','2015-03-08 07:14:04',73000,NULL,NULL,NULL,0,0,0,0,73000,74000,1000,'CASH',4,'friska',0,NULL,'A'),
	(156,4,86,'20150308141847564','DINE_IN','4','2015-03-08 07:18:47',182500,NULL,NULL,NULL,0,0,0,0,182500,200000,17500,'CASH',4,'friska',0,NULL,'A'),
	(157,4,87,'20150308143324292','DINE_IN','2','2015-03-08 07:33:24',67500,NULL,NULL,NULL,0,0,0,0,67500,67500,0,'CASH',4,'friska',0,NULL,'A'),
	(158,4,88,'20150308143535633','DINE_IN','7','2015-03-08 07:35:35',67500,NULL,NULL,NULL,0,0,0,0,67500,67500,0,'CASH',4,'friska',0,NULL,'A'),
	(159,4,89,'20150308143744032','DINE_IN','3','2015-03-08 07:37:44',47500,NULL,NULL,NULL,0,0,0,0,47500,50000,2500,'CASH',4,'friska',0,NULL,'A'),
	(160,4,90,'20150308144601795','DINE_IN','2','2015-03-08 07:46:01',81000,NULL,NULL,NULL,0,0,0,0,81000,100000,19000,'CASH',4,'friska',0,NULL,'A'),
	(161,4,91,'20150308151058341','DINE_IN','6','2015-03-08 08:10:58',58500,NULL,NULL,NULL,0,0,0,0,58500,58500,0,'CASH',4,'friska',0,NULL,'A'),
	(162,4,92,'20150308154225233','DINE_IN','5','2015-03-08 08:42:25',63500,NULL,NULL,NULL,0,0,0,0,63500,63500,0,'CASH',4,'friska',0,NULL,'A'),
	(163,4,93,'20150308155630522','DINE_IN','3','2015-03-08 08:56:30',33000,NULL,NULL,NULL,0,0,0,0,33000,50000,17000,'CASH',4,'friska',0,NULL,'A'),
	(164,4,94,'20150308161949033','DINE_IN','6','2015-03-08 09:19:49',42000,NULL,NULL,NULL,0,0,0,0,42000,50000,8000,'CASH',4,'friska',0,NULL,'A'),
	(165,4,95,'20150308163030353','DINE_IN','5','2015-03-08 09:30:30',60500,NULL,NULL,NULL,0,0,0,0,60500,60500,0,'CASH',4,'friska',0,NULL,'A'),
	(166,4,96,'20150308172548034','DINE_IN','1','2015-03-08 10:25:48',163500,NULL,NULL,NULL,0,0,0,0,163500,163500,0,'CASH',4,'friska',0,NULL,'A'),
	(167,4,97,'20150308172730562','DINE_IN','13','2015-03-08 10:27:30',184000,NULL,NULL,NULL,0,0,0,0,184000,184000,0,'CASH',4,'friska',0,NULL,'A'),
	(168,4,98,'20150308174531860','DINE_IN','12','2015-03-08 10:45:31',64000,NULL,NULL,NULL,0,0,0,0,64000,65000,1000,'CASH',4,'friska',0,NULL,'A'),
	(169,4,99,'20150308181301184','DINE_IN','7','2015-03-08 11:13:01',68000,NULL,NULL,NULL,0,0,0,0,68000,100000,32000,'CASH',4,'friska',0,NULL,'A'),
	(170,4,100,'20150308182152478','DINE_IN','8','2015-03-08 11:21:52',101000,NULL,NULL,NULL,0,0,0,0,101000,102000,1000,'CASH',4,'friska',0,NULL,'A'),
	(171,4,101,'20150308184148501','DINE_IN','4','2015-03-08 11:41:48',56000,NULL,NULL,NULL,0,0,0,0,56000,100000,44000,'CASH',4,'friska',0,NULL,'A'),
	(172,4,102,'20150308190546477','DINE_IN','7','2015-03-08 12:05:46',106500,NULL,NULL,NULL,0,0,0,0,106500,110000,3500,'CASH',4,'friska',0,NULL,'A'),
	(173,4,103,'20150308192027395','DINE_IN','3','2015-03-08 12:20:27',114000,NULL,NULL,NULL,0,0,0,0,114000,200000,86000,'CASH',4,'friska',0,NULL,'A'),
	(174,4,104,'20150308202140263','DINE_IN','2','2015-03-08 13:21:40',156500,NULL,NULL,NULL,0,0,0,0,156500,160000,3500,'CASH',4,'friska',0,NULL,'A'),
	(175,4,105,'20150308202510800','DINE_IN','5','2015-03-08 13:25:10',84500,NULL,NULL,NULL,0,0,0,0,84500,100000,15500,'CASH',4,'friska',0,NULL,'A'),
	(176,4,106,'20150308203918095','DINE_IN','7','2015-03-08 13:39:18',86500,NULL,NULL,NULL,0,0,0,0,86500,100000,13500,'CASH',4,'friska',0,NULL,'A'),
	(177,4,107,'20150308204220768','DINE_IN','3','2015-03-08 13:42:20',81500,NULL,NULL,NULL,0,0,0,0,81500,100000,18500,'CASH',4,'friska',0,NULL,'A'),
	(178,4,108,'20150308210734799',NULL,NULL,'2015-03-08 14:07:34',15500,NULL,NULL,NULL,0,0,0,0,15500,15500,0,'CASH',4,'friska',0,NULL,'A'),
	(179,4,109,'20150308210908090',NULL,NULL,'2015-03-08 14:09:08',2000,NULL,NULL,NULL,0,0,0,0,2000,2000,0,'CASH',4,'friska',0,NULL,'A'),
	(180,4,110,'20150308211742242','DINE_IN','4','2015-03-08 14:17:42',25000,NULL,NULL,NULL,0,0,0,0,25000,25000,0,'CASH',4,'friska',0,NULL,'A'),
	(181,4,111,'20150308212344057','DINE_IN','6','2015-03-08 14:23:44',41500,NULL,NULL,NULL,0,0,0,0,41500,50000,8500,'CASH',4,'friska',0,NULL,'A'),
	(182,4,112,'20150308212946827','DINE_IN','7','2015-03-08 14:29:46',6000,NULL,NULL,NULL,0,0,0,0,6000,10000,4000,'CASH',4,'friska',0,NULL,'A'),
	(183,4,113,'20150308213525208','DINE_IN','3','2015-03-08 14:35:25',80000,NULL,NULL,NULL,0,0,0,0,80000,100000,20000,'CASH',4,'friska',0,NULL,'A'),
	(184,4,114,'20150308214101556','DINE_IN','13','2015-03-08 14:41:01',58000,NULL,NULL,NULL,0,0,0,0,58000,100000,42000,'CASH',4,'friska',0,NULL,'A'),
	(185,4,115,'20150308214650990','DINE_IN','5','2015-03-08 14:46:50',29000,NULL,NULL,NULL,0,0,0,0,29000,29000,0,'CASH',4,'friska',0,NULL,'A'),
	(186,4,116,'20150308214928962','DINE_IN','1','2015-03-08 14:49:28',51000,NULL,NULL,NULL,0,0,0,0,51000,51000,0,'CASH',4,'friska',0,NULL,'A'),
	(187,4,117,'20150308221349704','DINE_IN','9','2015-03-08 15:13:49',31000,NULL,NULL,NULL,0,0,0,0,31000,50000,19000,'CASH',4,'friska',0,NULL,'A'),
	(188,4,118,'20150308230236538',NULL,NULL,'2015-03-08 16:02:36',40600,NULL,NULL,NULL,0,0,0,0,40600,40600,0,'CASH',4,'friska',0,NULL,'A'),
	(189,4,119,'20150309113525640','DINE_IN','16','2015-03-09 04:35:25',18500,NULL,NULL,NULL,0,0,0,0,18500,50000,31500,'CASH',4,'friska',0,NULL,'A'),
	(190,4,120,'20150309113628327',NULL,NULL,'2015-03-09 04:36:28',3500,NULL,NULL,NULL,0,0,0,0,3500,3500,0,'CASH',4,'friska',0,NULL,'A'),
	(191,4,121,'20150309123002124','DINE_IN','1','2015-03-09 05:30:02',90500,NULL,NULL,NULL,0,0,0,0,90500,100000,9500,'CASH',4,'friska',0,NULL,'A'),
	(192,4,122,'20150309123326353','DINE_IN','2','2015-03-09 05:33:26',55500,NULL,NULL,NULL,0,0,0,0,55500,100000,44500,'CASH',4,'friska',0,NULL,'A'),
	(193,4,123,'20150309123636895','DINE_IN','5','2015-03-09 05:36:36',25500,NULL,NULL,NULL,0,0,0,0,25500,25500,0,'CASH',4,'friska',0,NULL,'A'),
	(194,4,124,'20150309125142366','DINE_IN','7','2015-03-09 05:51:42',85500,NULL,NULL,NULL,0,0,0,0,85500,100500,15000,'CASH',4,'friska',0,NULL,'A'),
	(195,4,125,'20150309140537114','DINE_IN','3','2015-03-09 07:05:37',126500,NULL,NULL,NULL,0,0,0,0,126500,150500,24000,'CASH',4,'friska',0,NULL,'A'),
	(196,4,126,'20150309140713173','DINE_IN','7','2015-03-09 07:07:13',182500,NULL,NULL,NULL,0,0,0,0,182500,200000,17500,'CASH',4,'friska',0,NULL,'A'),
	(197,4,127,'20150309155001774','DINE_IN','7','2015-03-09 08:50:01',31000,NULL,NULL,NULL,0,0,0,0,31000,31000,0,'CASH',4,'friska',0,NULL,'A'),
	(198,4,128,'20150309160826102','DINE_IN','20','2015-03-09 09:08:26',7000,NULL,NULL,NULL,0,0,0,0,7000,50000,43000,'CASH',4,'friska',0,NULL,'A'),
	(199,4,129,'20150309161108475','DINE_IN','20','2015-03-09 09:11:08',2500,NULL,NULL,NULL,0,0,0,0,2500,3000,500,'CASH',4,'friska',0,NULL,'A'),
	(200,4,130,'20150309173204868','DINE_IN','21','2015-03-09 10:32:04',12500,NULL,NULL,NULL,0,0,0,0,12500,15000,2500,'CASH',4,'friska',0,NULL,'A'),
	(201,4,131,'20150309181929609','DINE_IN','7','2015-03-09 11:19:29',57000,NULL,NULL,NULL,0,0,0,0,57000,100000,43000,'CASH',4,'friska',0,NULL,'A'),
	(202,4,132,'20150309193550470','DINE_IN','2','2015-03-09 12:35:50',75000,NULL,NULL,NULL,0,0,0,0,75000,100000,25000,'CASH',4,'friska',0,NULL,'A'),
	(203,4,133,'20150309201734094',NULL,NULL,'2015-03-09 13:17:34',99000,NULL,NULL,NULL,0,0,0,0,99000,100000,1000,'CASH',4,'friska',0,NULL,'A'),
	(204,4,134,'20150309202655592','DINE_IN','1','2015-03-09 13:26:55',117000,NULL,NULL,NULL,0,0,0,0,117000,120000,3000,'CASH',4,'friska',0,NULL,'A'),
	(205,4,135,'20150309203011143','DINE_IN','6','2015-03-09 13:30:11',53000,NULL,NULL,NULL,0,0,0,0,53000,53000,0,'CASH',4,'friska',0,NULL,'A'),
	(206,4,136,'20150309203323717','DINE_IN','3','2015-03-09 13:33:23',60500,NULL,NULL,NULL,0,0,0,0,60500,100000,39500,'CASH',4,'friska',0,NULL,'A'),
	(207,4,137,'20150309203757933',NULL,NULL,'2015-03-09 13:37:57',25000,NULL,NULL,NULL,0,0,0,0,25000,25000,0,'CASH',4,'friska',0,NULL,'A'),
	(208,4,138,'20150309205059894','DINE_IN','5','2015-03-09 13:50:59',92000,NULL,NULL,NULL,0,0,0,0,92000,92000,0,'CASH',4,'friska',0,NULL,'A'),
	(209,4,139,'20150309211100797','DINE_IN','6','2015-03-09 14:11:00',57500,NULL,NULL,NULL,0,0,0,0,57500,107500,50000,'CASH',4,'friska',0,NULL,'A'),
	(210,4,140,'20150309211610930','DINE_IN','7','2015-03-09 14:16:10',39500,NULL,NULL,NULL,0,0,0,0,39500,39500,0,'CASH',4,'friska',0,NULL,'A'),
	(211,4,141,'20150309213527359','DINE_IN','2','2015-03-09 14:35:27',50000,NULL,NULL,NULL,0,0,0,0,50000,100000,50000,'CASH',4,'friska',0,NULL,'A'),
	(212,4,142,'20150309213849107','DINE_IN','4','2015-03-09 14:38:49',111000,NULL,NULL,NULL,0,0,0,0,111000,111000,0,'CASH',4,'friska',0,NULL,'A'),
	(213,4,143,'20150310081301863','DINE_IN','25','2015-03-10 01:13:01',18000,'Diskon Member',20,3600,0,0,0,0,14400,50000,35600,'CASH',4,'friska',0,NULL,'A'),
	(214,4,144,'20150310111237603','DINE_IN','22','2015-03-10 04:12:37',7000,NULL,NULL,NULL,0,0,0,0,7000,7000,0,'CASH',4,'friska',0,NULL,'A'),
	(215,4,145,'20150310121340348','DINE_IN','30','2015-03-10 05:13:40',48500,'Diskon Member',20,9700,0,0,0,0,38800,38800,0,'CASH',4,'friska',0,NULL,'A'),
	(216,4,146,'20150310134212824','DINE_IN','9','2015-03-10 06:42:12',59500,NULL,NULL,NULL,0,0,0,0,59500,100000,40500,'CASH',4,'friska',0,NULL,'A'),
	(217,4,147,'20150310143005285','DINE_IN','2','2015-03-10 07:30:05',43000,NULL,NULL,NULL,0,0,0,0,43000,50000,7000,'CASH',4,'friska',0,NULL,'A'),
	(218,4,148,'20150310151441122','DINE_IN','7','2015-03-10 08:14:41',36500,NULL,NULL,NULL,0,0,0,0,36500,103500,67000,'CASH',4,'friska',0,NULL,'A'),
	(219,4,149,'20150310161814242','DINE_IN','7','2015-03-10 09:18:14',82500,NULL,NULL,NULL,0,0,0,0,82500,100000,17500,'CASH',4,'friska',0,NULL,'A'),
	(220,4,150,'20150310165221421','DINE_IN','2','2015-03-10 09:52:21',56000,NULL,NULL,NULL,0,0,0,0,56000,100000,44000,'CASH',4,'friska',0,NULL,'A'),
	(221,4,151,'20150310174457655','DINE_IN','3','2015-03-10 10:44:57',82000,NULL,NULL,NULL,0,0,0,0,82000,100000,18000,'CASH',4,'friska',0,NULL,'A'),
	(222,4,152,'20150310180132115','DINE_IN','20','2015-03-10 11:01:32',83500,NULL,NULL,NULL,0,0,0,0,83500,83500,0,'CASH',4,'friska',0,NULL,'A'),
	(223,4,153,'20150310182612401','DINE_IN','6','2015-03-10 11:26:12',28000,NULL,NULL,NULL,0,0,0,0,28000,30000,2000,'CASH',4,'friska',0,NULL,'A'),
	(224,4,154,'20150310185620033','DINE_IN','2','2015-03-10 11:56:20',11000,NULL,NULL,NULL,0,0,0,0,11000,11000,0,'CASH',4,'friska',0,NULL,'A'),
	(225,4,155,'20150310185718382','DINE_IN','2','2015-03-10 11:57:18',11600,NULL,NULL,NULL,0,0,0,0,11600,12000,400,'CASH',4,'friska',0,NULL,'A'),
	(226,4,156,'20150310193050230','DINE_IN','5','2015-03-10 12:30:50',70000,NULL,NULL,NULL,0,0,0,0,70000,120000,50000,'CASH',4,'friska',0,NULL,'A'),
	(227,4,157,'20150310204320328','DINE_IN','6','2015-03-10 13:43:20',51000,NULL,NULL,NULL,0,0,0,0,51000,100000,49000,'CASH',4,'friska',0,NULL,'A'),
	(228,4,158,'20150310213300890','DINE_IN','1','2015-03-10 14:33:00',106500,NULL,NULL,NULL,0,0,0,0,106500,150000,43500,'CASH',4,'friska',0,NULL,'A'),
	(229,4,159,'20150310215833203',NULL,NULL,'2015-03-10 14:58:33',3500,NULL,NULL,NULL,0,0,0,0,3500,3500,0,'CASH',4,'friska',0,NULL,'A'),
	(230,4,160,'20150310222350610',NULL,NULL,'2015-03-10 15:23:50',11000,NULL,NULL,NULL,0,0,0,0,11000,11000,0,'CASH',4,'friska',0,NULL,'A'),
	(231,4,161,'20150310222425964',NULL,NULL,'2015-03-10 15:24:25',11600,NULL,NULL,NULL,0,0,0,0,11600,11600,0,'CASH',4,'friska',0,NULL,'A'),
	(232,4,162,'20150310222509430','DINE_IN','24','2015-03-10 15:25:09',3500,NULL,NULL,NULL,0,0,0,0,3500,3500,0,'CASH',4,'friska',0,NULL,'A'),
	(233,4,163,'20150311223113778',NULL,NULL,'2015-03-11 15:31:13',3500,NULL,NULL,NULL,0,0,0,0,3500,3500,0,'CASH',4,'friska',0,NULL,'A'),
	(234,4,164,'20150311223137560',NULL,NULL,'2015-03-11 15:31:37',12500,NULL,NULL,NULL,0,0,0,0,12500,12500,0,'CASH',4,'friska',0,NULL,'A'),
	(235,4,165,'20150311223335637',NULL,NULL,'2015-03-11 15:33:35',52000,NULL,NULL,NULL,0,0,0,0,52000,52000,0,'CASH',4,'friska',0,NULL,'A'),
	(236,4,166,'20150311223355883',NULL,NULL,'2015-03-11 15:33:55',2000,NULL,NULL,NULL,0,0,0,0,2000,2000,0,'CASH',4,'friska',0,NULL,'A'),
	(237,4,167,'20150311223505059',NULL,NULL,'2015-03-11 15:35:05',64000,NULL,NULL,NULL,0,0,0,0,64000,64000,0,'CASH',4,'friska',0,NULL,'A'),
	(238,4,168,'20150311223532891',NULL,NULL,'2015-03-11 15:35:32',2500,NULL,NULL,NULL,0,0,0,0,2500,2500,0,'CASH',4,'friska',0,NULL,'A'),
	(239,4,169,'20150311223721625',NULL,NULL,'2015-03-11 15:37:21',178000,NULL,NULL,NULL,0,0,0,0,178000,178000,0,'CASH',4,'friska',0,NULL,'A'),
	(240,4,170,'20150311223754033',NULL,NULL,'2015-03-11 15:37:54',7500,NULL,NULL,NULL,0,0,0,0,7500,7500,0,'CASH',4,'friska',0,NULL,'A'),
	(241,4,171,'20150311223825301',NULL,NULL,'2015-03-11 15:38:25',2000,NULL,NULL,NULL,0,0,0,0,2000,2000,0,'CASH',4,'friska',0,NULL,'A'),
	(242,4,172,'20150311223927555',NULL,NULL,'2015-03-11 15:39:27',50000,NULL,NULL,NULL,0,0,0,0,50000,51000,1000,'CASH',4,'friska',0,NULL,'A'),
	(243,4,173,'20150311224133383',NULL,NULL,'2015-03-11 15:41:33',47500,NULL,NULL,NULL,0,0,0,0,47500,47500,0,'CASH',4,'friska',0,NULL,'A'),
	(244,4,174,'20150311224242744',NULL,NULL,'2015-03-11 15:42:42',44000,NULL,NULL,NULL,0,0,0,0,44000,44000,0,'CASH',4,'friska',0,NULL,'A'),
	(245,4,175,'20150311224330371',NULL,NULL,'2015-03-11 15:43:30',39000,NULL,NULL,NULL,0,0,0,0,39000,39000,0,'CASH',4,'friska',0,NULL,'A'),
	(246,4,176,'20150311224418760',NULL,NULL,'2015-03-11 15:44:18',2000,NULL,NULL,NULL,0,0,0,0,2000,2000,0,'CASH',4,'friska',0,NULL,'A'),
	(247,4,177,'20150311224441742',NULL,NULL,'2015-03-11 15:44:41',7500,NULL,NULL,NULL,0,0,0,0,7500,7500,0,'CASH',4,'friska',0,NULL,'A'),
	(248,4,178,'20150311224501522',NULL,NULL,'2015-03-11 15:45:01',10000,NULL,NULL,NULL,0,0,0,0,10000,10000,0,'CASH',4,'friska',0,NULL,'A'),
	(249,4,179,'20150311224753660',NULL,NULL,'2015-03-11 15:47:53',118000,NULL,NULL,NULL,0,0,0,0,118000,118000,0,'CASH',4,'friska',0,NULL,'A'),
	(250,4,180,'20150311225114104',NULL,NULL,'2015-03-11 15:51:14',79000,NULL,NULL,NULL,0,0,0,0,79000,79000,0,'CASH',4,'friska',0,NULL,'A'),
	(251,4,181,'20150311225137492',NULL,NULL,'2015-03-11 15:51:37',18000,NULL,NULL,NULL,0,0,0,0,18000,18000,0,'CASH',4,'friska',0,NULL,'A'),
	(252,4,182,'20150311225340311',NULL,NULL,'2015-03-11 15:53:40',132000,NULL,NULL,NULL,0,0,0,0,132000,132000,0,'CASH',4,'friska',0,NULL,'A'),
	(253,4,183,'20150311225413924',NULL,NULL,'2015-03-11 15:54:13',2500,NULL,NULL,NULL,0,0,0,0,2500,2500,0,'CASH',4,'friska',0,NULL,'A'),
	(254,4,184,'20150311225538867',NULL,NULL,'2015-03-11 15:55:38',81500,NULL,NULL,NULL,0,0,0,0,81500,81500,0,'CASH',4,'friska',0,NULL,'A'),
	(255,4,185,'20150311225718423',NULL,NULL,'2015-03-11 15:57:18',55500,NULL,NULL,NULL,0,0,0,0,55500,55500,0,'CASH',4,'friska',0,NULL,'A'),
	(256,4,186,'20150311225741969',NULL,NULL,'2015-03-11 15:57:41',4000,NULL,NULL,NULL,0,0,0,0,4000,4000,0,'CASH',4,'friska',0,NULL,'A'),
	(257,4,187,'20150311225840718',NULL,NULL,'2015-03-11 15:58:40',51000,NULL,NULL,NULL,0,0,0,0,51000,51000,0,'CASH',4,'friska',0,NULL,'A'),
	(258,4,188,'20150311225902157',NULL,NULL,'2015-03-11 15:59:02',3500,NULL,NULL,NULL,0,0,0,0,3500,3500,0,'CASH',4,'friska',0,NULL,'A'),
	(259,4,189,'20150311225959658',NULL,NULL,'2015-03-11 15:59:59',64000,NULL,NULL,NULL,0,0,0,0,64000,64000,0,'CASH',4,'friska',0,NULL,'A'),
	(260,4,190,'20150311230317621',NULL,NULL,'2015-03-11 16:03:17',149000,'diskon umur 25',25,37250,0,0,0,0,111750,111750,0,'CASH',4,'friska',0,NULL,'A'),
	(261,4,191,'20150311230422560',NULL,NULL,'2015-03-11 16:04:22',6000,NULL,NULL,NULL,0,0,0,0,6000,6000,0,'CASH',4,'friska',0,NULL,'A'),
	(262,4,192,'20150311230456438',NULL,NULL,'2015-03-11 16:04:56',12400,NULL,NULL,NULL,0,0,0,0,12400,12400,0,'CASH',4,'friska',0,NULL,'A'),
	(263,4,193,'20150311230525210',NULL,NULL,'2015-03-11 16:05:25',11000,NULL,NULL,NULL,0,0,0,0,11000,11000,0,'CASH',4,'friska',0,NULL,'A'),
	(264,4,194,'20150311230542221',NULL,NULL,'2015-03-11 16:05:42',11500,NULL,NULL,NULL,0,0,0,0,11500,11500,0,'CASH',4,'friska',0,NULL,'A'),
	(265,4,195,'20150311231234602',NULL,NULL,'2015-03-11 16:12:34',114500,NULL,NULL,NULL,0,0,0,0,114500,114500,0,'CASH',4,'friska',0,NULL,'A'),
	(266,4,196,'20150312193637440',NULL,NULL,'2015-03-12 12:36:37',91000,NULL,NULL,NULL,0,0,0,0,91000,91000,0,'CASH',4,'friska',0,NULL,'A'),
	(267,4,197,'20150312194112359',NULL,NULL,'2015-03-12 12:41:12',33500,NULL,NULL,NULL,0,0,0,0,33500,33500,0,'CASH',4,'friska',0,NULL,'A'),
	(268,4,198,'20150312194136775',NULL,NULL,'2015-03-12 12:41:36',2000,NULL,NULL,NULL,0,0,0,0,2000,2000,0,'CASH',4,'friska',0,NULL,'A'),
	(269,4,199,'20150312195529351',NULL,NULL,'2015-03-12 12:55:29',45000,NULL,NULL,NULL,0,0,0,0,45000,45000,0,'CASH',4,'friska',0,NULL,'A'),
	(270,4,200,'20150312195546817',NULL,NULL,'2015-03-12 12:55:46',2500,NULL,NULL,NULL,0,0,0,0,2500,2500,0,'CASH',4,'friska',0,NULL,'A'),
	(271,4,201,'20150312195659550',NULL,NULL,'2015-03-12 12:56:59',82500,NULL,NULL,NULL,0,0,0,0,82500,82500,0,'CASH',4,'friska',0,NULL,'A'),
	(272,4,202,'20150312195833884',NULL,NULL,'2015-03-12 12:58:33',93500,NULL,NULL,NULL,0,0,0,0,93500,93500,0,'CASH',4,'friska',0,NULL,'A'),
	(273,4,203,'20150312200205290',NULL,NULL,'2015-03-12 13:02:05',44000,NULL,NULL,NULL,0,0,0,0,44000,44000,0,'CASH',4,'friska',0,NULL,'A'),
	(274,4,204,'20150312200314341',NULL,NULL,'2015-03-12 13:03:14',14200,NULL,NULL,NULL,0,0,0,0,14200,14200,0,'CASH',4,'friska',0,NULL,'A'),
	(275,4,205,'20150312200823845',NULL,NULL,'2015-03-12 13:08:23',87500,NULL,NULL,NULL,0,0,0,0,87500,87500,0,'CASH',4,'friska',0,NULL,'A'),
	(276,4,206,'20150312200905598',NULL,NULL,'2015-03-12 13:09:05',12000,NULL,NULL,NULL,0,0,0,0,12000,12000,0,'CASH',4,'friska',0,NULL,'A'),
	(277,4,207,'20150312201304101',NULL,NULL,'2015-03-12 13:13:04',174500,'diskon umur 40',40,69800,0,0,0,0,104700,104700,0,'CASH',4,'friska',0,NULL,'A'),
	(278,4,208,'20150312201337380',NULL,NULL,'2015-03-12 13:13:37',7000,NULL,NULL,NULL,0,0,0,0,7000,7000,0,'CASH',4,'friska',0,NULL,'A'),
	(279,4,209,'20150312201403409',NULL,NULL,'2015-03-12 13:14:03',11600,NULL,NULL,NULL,0,0,0,0,11600,11600,0,'CASH',4,'friska',0,NULL,'A'),
	(280,4,210,'20150312201425370',NULL,NULL,'2015-03-12 13:14:25',2000,NULL,NULL,NULL,0,0,0,0,2000,2000,0,'CASH',4,'friska',0,NULL,'A'),
	(281,4,211,'20150312201450582',NULL,NULL,'2015-03-12 13:14:50',11000,NULL,NULL,NULL,0,0,0,0,11000,11000,0,'CASH',4,'friska',0,NULL,'A'),
	(282,4,212,'20150312201518399',NULL,NULL,'2015-03-12 13:15:18',2000,NULL,NULL,NULL,0,0,0,0,2000,2000,0,'CASH',4,'friska',0,NULL,'A'),
	(283,4,213,'20150312201542627',NULL,NULL,'2015-03-12 13:15:42',6000,NULL,NULL,NULL,0,0,0,0,6000,6000,0,'CASH',4,'friska',0,NULL,'A'),
	(284,4,214,'20150312201606368',NULL,NULL,'2015-03-12 13:16:06',3500,NULL,NULL,NULL,0,0,0,0,3500,3500,0,'CASH',4,'friska',0,NULL,'A'),
	(285,4,215,'20150312202047337',NULL,NULL,'2015-03-12 13:20:47',3000,NULL,NULL,NULL,0,0,0,0,3000,3000,0,'CASH',4,'friska',0,NULL,'A'),
	(286,4,216,'20150312202304549',NULL,NULL,'2015-03-12 13:23:04',59500,NULL,NULL,NULL,0,0,0,0,59500,59500,0,'CASH',4,'friska',0,NULL,'A'),
	(287,4,217,'20150312202922361',NULL,NULL,'2015-03-12 13:29:22',90000,NULL,NULL,NULL,0,0,0,0,90000,90000,0,'CASH',4,'friska',0,NULL,'A'),
	(288,4,218,'20150312230107979',NULL,NULL,'2015-03-12 16:01:07',24500,NULL,NULL,NULL,0,0,0,0,24500,24500,0,'CASH',4,'friska',0,NULL,'A'),
	(289,4,219,'20150312230211733',NULL,NULL,'2015-03-12 16:02:11',3500,NULL,NULL,NULL,0,0,0,0,3500,3500,0,'CASH',4,'friska',0,NULL,'A'),
	(290,4,220,'20150312230532648',NULL,NULL,'2015-03-12 16:05:32',159500,NULL,NULL,NULL,0,0,0,0,159500,159500,0,'DEBIT',4,'friska',0,NULL,'A'),
	(291,2,8,'20150313124505402',NULL,NULL,'2015-03-13 05:45:05',915000,NULL,NULL,NULL,0,0,0,0,915000,1000000,85000,'CREDIT',2,'Kasir',0,NULL,'A'),
	(292,2,9,'20150313124655430',NULL,NULL,'2015-03-13 05:46:55',1154000,'Spring Season',25,288500,0,0,0,0,865500,0,-865500,'CREDIT',2,'Kasir',2,'Khiela Larasati','A'),
	(293,2,10,'20150313124757520',NULL,NULL,'2015-03-13 05:47:57',820000,'Autumn Season',35,287000,0,0,0,0,533000,533000,0,'CREDIT',2,'Kasir',1,'Nasya Mahardika','A'),
	(294,2,11,'20150313125033581',NULL,NULL,'2015-03-13 05:50:33',1500000,'Summer Season',50,750000,0,0,0,0,750000,750000,0,'CREDIT',2,'Kasir',3,'Ayu Andari','A'),
	(295,2,12,'20150313131836508',NULL,NULL,'2015-03-13 06:18:36',1339000,'Spring Season',25,334750,0,0,0,0,1004250,1004250,0,'CREDIT',2,'lala',5,'Casadila ','A'),
	(296,2,13,'20150313131929203',NULL,NULL,'2015-03-13 06:19:29',969000,NULL,NULL,NULL,0,0,0,0,969000,969000,0,'DEBIT',2,'lala',0,NULL,'A'),
	(297,2,14,'20150314083252191',NULL,NULL,'2015-03-14 01:32:52',755000,NULL,NULL,NULL,0,0,0,0,755000,755000,0,'CASH',2,'lala',0,NULL,'A'),
	(298,2,15,'20150314083336132',NULL,NULL,'2015-03-14 01:33:36',864000,'Spring Season',25,216000,0,0,0,0,648000,648000,0,'DEBIT',2,'lala',7,'Khazanah Putri','A'),
	(299,2,16,'20150314083406490',NULL,NULL,'2015-03-14 01:34:06',520000,NULL,NULL,NULL,0,0,0,0,520000,520000,0,'DEBIT',2,'lala',0,NULL,'A'),
	(300,2,17,'20150314083453135',NULL,NULL,'2015-03-14 01:34:53',880000,'Spring Season',25,220000,0,0,0,0,660000,660000,0,'DEBIT',2,'lala',3,'Ayu Andari','A'),
	(301,2,18,'20150314083524494',NULL,NULL,'2015-03-14 01:35:24',654000,NULL,NULL,NULL,0,0,0,0,654000,0,-654000,'CASH',2,'lala',0,NULL,'A'),
	(302,1,65,'20150316125428210',NULL,NULL,'2015-03-16 05:54:28',65000,NULL,NULL,NULL,0,0,0,0,65000,70000,5000,'CASH',3,'Bram',0,NULL,'A'),
	(303,1,66,'20150316125507095',NULL,NULL,'2015-03-16 05:55:07',142500,NULL,NULL,NULL,0,0,0,0,142500,150000,7500,'CASH',3,'Bram',0,NULL,'A'),
	(304,1,67,'20150316125533660',NULL,NULL,'2015-03-16 05:55:33',67500,NULL,NULL,NULL,0,0,0,0,67500,70000,2500,'CASH',3,'Bram',0,NULL,'A'),
	(305,1,68,'20150316125609662',NULL,NULL,'2015-03-16 05:56:09',52000,NULL,NULL,NULL,0,0,0,0,52000,55000,3000,'CASH',3,'Bram',0,NULL,'A'),
	(306,1,69,'20150316125633788',NULL,NULL,'2015-03-16 05:56:33',47000,NULL,NULL,NULL,0,0,0,0,47000,50000,3000,'CASH',3,'Bram',0,NULL,'A'),
	(307,2,19,'20150316194218004',NULL,NULL,'2015-03-16 12:42:18',708000,'Winter Season',10,70800,0,0,0,0,637200,637200,0,'DEBIT',2,'lala',0,NULL,'A'),
	(308,2,20,'20150317082651601',NULL,NULL,'2015-03-17 01:26:51',819000,'Spring Season',25,204750,0,0,0,0,614250,620000,5750,'CASH',2,'lala',0,NULL,'A'),
	(309,2,21,'20150317082726832',NULL,NULL,'2015-03-17 01:27:26',779000,NULL,NULL,NULL,0,0,0,0,779000,779000,0,'DEBIT',2,'lala',2,'Khiela Larasati','A'),
	(310,2,22,'20150317082804849',NULL,NULL,'2015-03-17 01:28:04',1060000,'Spring Season',25,265000,0,0,0,0,795000,795000,0,'DEBIT',2,'lala',0,NULL,'A'),
	(311,2,23,'20150317082823828',NULL,NULL,'2015-03-17 01:28:23',280000,NULL,NULL,NULL,0,0,0,0,280000,280000,0,'CASH',2,'lala',0,NULL,'A'),
	(312,2,24,'20150317222405137',NULL,NULL,'2015-03-17 15:24:05',1068000,'Spring Season',25,267000,0,0,0,0,801000,801000,0,'DEBIT',2,'Lala',0,NULL,'A'),
	(313,2,25,'20150317222431899',NULL,NULL,'2015-03-17 15:24:31',404000,NULL,NULL,NULL,0,0,0,0,404000,404000,0,'DEBIT',2,'Lala',0,NULL,'A'),
	(314,2,26,'20150317222627115',NULL,NULL,'2015-03-17 15:26:27',319000,NULL,NULL,NULL,0,0,0,0,319000,350000,31000,'CASH',2,'Lala',0,NULL,'A'),
	(315,2,27,'20150317222701528',NULL,NULL,'2015-03-17 15:27:01',618000,NULL,NULL,NULL,0,0,0,0,618000,650000,32000,'CASH',2,'Lala',0,NULL,'A'),
	(316,2,28,'20150317222717711',NULL,NULL,'2015-03-17 15:27:17',570000,NULL,NULL,NULL,0,0,0,0,570000,600000,30000,'CASH',2,'Lala',0,NULL,'A'),
	(317,2,29,'20150317222730243',NULL,NULL,'2015-03-17 15:27:30',165000,NULL,NULL,NULL,0,0,0,0,165000,200000,35000,'CASH',2,'Lala',0,NULL,'A'),
	(318,2,30,'20150317234951606',NULL,NULL,'2015-03-17 15:49:51',0,NULL,NULL,NULL,0,0,0,0,0,0,0,'CASH',2,'Lala',0,NULL,'A'),
	(319,1,70,'20150317215959192',NULL,NULL,'2015-03-17 14:59:59',31500,NULL,NULL,NULL,0,0,0,0,31500,50000,18500,'CASH',3,'Bram',0,NULL,'A'),
	(320,1,71,'20150317220042259',NULL,NULL,'2015-03-17 15:00:42',54000,NULL,NULL,NULL,0,0,0,0,54000,55000,1000,'CASH',3,'Bram',0,NULL,'A'),
	(321,1,72,'20150317220205833',NULL,NULL,'2015-03-17 15:02:05',93000,NULL,NULL,NULL,0,0,0,0,93000,100000,7000,'CASH',3,'Bram',0,NULL,'A'),
	(322,1,73,'20150317220238823',NULL,NULL,'2015-03-17 15:02:38',65500,NULL,NULL,NULL,0,0,0,0,65500,70000,4500,'CASH',3,'Bram',0,NULL,'A'),
	(323,1,74,'20150317220304570',NULL,NULL,'2015-03-17 15:03:04',107500,NULL,NULL,NULL,0,0,0,0,107500,110000,2500,'CASH',3,'Bram',0,NULL,'A'),
	(324,1,75,'20150317220339002',NULL,NULL,'2015-03-17 15:03:39',71500,NULL,NULL,NULL,0,0,0,0,71500,75000,3500,'CASH',3,'Bram',0,NULL,'A'),
	(325,1,76,'20150317220447178','DINE_IN','4','2015-03-17 15:04:47',75000,NULL,NULL,NULL,0,0,0,0,75000,80000,5000,'CASH',3,'Bram',0,NULL,'A'),
	(326,2,31,'20150318004620837',NULL,NULL,'2015-03-17 16:46:20',774000,NULL,NULL,NULL,0,0,0,0,774000,800000,26000,'CASH',2,'Lala',0,NULL,'A'),
	(327,2,32,'20150318005431715',NULL,NULL,'2015-03-17 16:54:31',978000,NULL,NULL,NULL,0,0,0,0,978000,1000000,22000,'CASH',2,'Lala',0,NULL,'A'),
	(328,2,33,'20150318011954626',NULL,NULL,'2015-03-17 17:19:54',200000,NULL,NULL,NULL,0,0,0,0,200000,200000,0,'CASH',2,'Lala',0,NULL,'A'),
	(329,1,77,'20150318085258597',NULL,NULL,'2015-03-18 01:52:58',62500,NULL,NULL,NULL,0,0,0,0,62500,65000,2500,'CASH',3,'Bram',0,NULL,'A'),
	(330,1,78,'20150318085325491',NULL,NULL,'2015-03-18 01:53:25',57500,NULL,NULL,NULL,0,0,0,0,57500,60000,2500,'CASH',3,'Bram',0,NULL,'A'),
	(331,1,79,'20150318085401670',NULL,NULL,'2015-03-18 01:54:01',132500,NULL,NULL,NULL,0,0,0,0,132500,150000,17500,'CASH',3,'Bram',0,NULL,'A'),
	(332,2,34,'20150318094157034',NULL,NULL,'2015-03-18 02:41:57',554000,NULL,NULL,NULL,0,0,0,0,554000,554000,0,'CREDIT',2,'Lala',5,'Casadila ','A'),
	(333,2,35,'20150318094225045',NULL,NULL,'2015-03-18 02:42:25',448000,NULL,NULL,NULL,0,0,0,0,448000,500000,52000,'CREDIT',2,'Lala',5,'Casadila ','A'),
	(334,2,36,'20150318094250658',NULL,NULL,'2015-03-18 02:42:50',560000,NULL,NULL,NULL,0,0,0,0,560000,0,-560000,'CREDIT',2,'Lala',0,NULL,'A'),
	(335,2,37,'20150318094334882',NULL,NULL,'2015-03-18 02:43:34',300000,NULL,NULL,NULL,0,0,0,0,300000,300000,0,'CASH',2,'Lala',2,'Khiela Larasati','A'),
	(336,2,38,'20150318123600715',NULL,NULL,'2015-03-18 05:36:00',530000,NULL,NULL,NULL,0,0,0,0,530000,550000,20000,'CASH',2,'Lala',0,NULL,'A'),
	(337,2,39,'20150318124003837',NULL,NULL,'2015-03-18 05:40:03',1971000,'Winter Season',10,197100,0,0,0,0,1773900,1773900,0,'DEBIT',2,'Lala',0,NULL,'A'),
	(338,1,80,'20150318193947408',NULL,NULL,'2015-03-18 12:39:47',42500,'Diskon Member',10,4250,0,0,0,0,38250,50000,11750,'CASH',3,'Bram',0,NULL,'A'),
	(339,2,40,'20150318193706702',NULL,NULL,'2015-03-18 12:37:06',464000,'Winter Season',10,46400,0,0,0,0,417600,417600,0,'CASH',2,'Lala',0,NULL,'A'),
	(340,2,41,'20150318193746104',NULL,NULL,'2015-03-18 12:37:46',500000,NULL,NULL,NULL,0,0,0,0,500000,500000,0,'CASH',2,'Lala',0,NULL,'A'),
	(341,2,42,'20150319215153510',NULL,NULL,'2015-03-19 14:51:53',359000,NULL,NULL,NULL,0,0,0,0,359000,400000,41000,'CASH',2,'Lala',0,NULL,'A'),
	(342,2,43,'20150319215247063',NULL,NULL,'2015-03-19 14:52:47',974000,'Spring Season',25,243500,0,0,0,0,730500,730500,0,'DEBIT',2,'Lala',6,'Hana kusuma','A'),
	(343,2,44,'20150319215326092',NULL,NULL,'2015-03-19 14:53:26',665000,NULL,NULL,NULL,0,0,0,0,665000,665000,0,'DEBIT',2,'Lala',0,NULL,'A'),
	(344,2,45,'20150320200725391',NULL,NULL,'2015-03-20 13:07:25',658000,NULL,NULL,NULL,0,0,0,0,658000,660000,2000,'CASH',2,'Lala',0,NULL,'A'),
	(345,2,46,'20150320200839291',NULL,NULL,'2015-03-20 13:08:39',1095000,'Winter Season',10,109500,0,0,0,0,985500,985500,0,'CREDIT',2,'Lala',1,'Nasya Mahardika','A'),
	(346,2,47,'20150320200949746',NULL,NULL,'2015-03-20 13:09:49',1062000,'Winter Season',10,106200,0,0,0,0,955800,955800,0,'CREDIT',2,'Lala',3,'Ayu Andari','A'),
	(347,1,81,'20150319195824988',NULL,NULL,'2015-03-19 12:58:24',43500,NULL,NULL,NULL,0,0,0,0,43500,50000,6500,'CASH',3,'Bram',0,NULL,'A'),
	(348,1,82,'20150319195842937',NULL,NULL,'2015-03-19 12:58:42',50000,NULL,NULL,NULL,0,0,0,0,50000,50000,0,'CASH',3,'Bram',0,NULL,'A'),
	(349,1,83,'20150319195908310',NULL,NULL,'2015-03-19 12:59:08',52500,NULL,NULL,NULL,0,0,0,0,52500,60000,7500,'CASH',3,'Bram',0,NULL,'A'),
	(350,1,84,'20150320201504408',NULL,NULL,'2015-03-20 13:15:04',112500,NULL,NULL,NULL,0,0,0,0,112500,150000,37500,'CASH',3,'Bram',0,NULL,'A'),
	(351,1,85,'20150320201534516',NULL,NULL,'2015-03-20 13:15:34',106500,NULL,NULL,NULL,0,0,0,0,106500,110000,3500,'CASH',3,'Bram',0,NULL,'A'),
	(352,1,86,'20150320201555687',NULL,NULL,'2015-03-20 13:15:55',57500,NULL,NULL,NULL,0,0,0,0,57500,60000,2500,'CASH',3,'Bram',0,NULL,'A');

/*!40000 ALTER TABLE `transactions` ENABLE KEYS */;
UNLOCK TABLES;


# Dump of table user
# ------------------------------------------------------------

DROP TABLE IF EXISTS `user`;

CREATE TABLE `user` (
  `id` int(11) NOT NULL AUTO_INCREMENT,
  `merchant_id` int(11) DEFAULT NULL,
  `remote_id` int(11) DEFAULT NULL,
  `name` varchar(50) DEFAULT NULL,
  `user_id` varchar(50) DEFAULT NULL,
  `password` varchar(50) DEFAULT NULL,
  `role` varchar(50) DEFAULT NULL,
  `status` varchar(50) DEFAULT NULL,
  `create_by` varchar(50) DEFAULT NULL,
  `create_date` datetime DEFAULT NULL,
  `update_by` varchar(50) DEFAULT NULL,
  `update_date` datetime DEFAULT NULL,
  PRIMARY KEY (`id`)
) ENGINE=InnoDB DEFAULT CHARSET=utf8;

LOCK TABLES `user` WRITE;
/*!40000 ALTER TABLE `user` DISABLE KEYS */;

INSERT INTO `user` (`id`, `merchant_id`, `remote_id`, `name`, `user_id`, `password`, `role`, `status`, `create_by`, `create_date`, `update_by`, `update_date`)
VALUES
	(15,1,2,'Niken','niken','123456','A','A','retno','2015-02-07 16:58:06','retno','2015-02-07 16:58:06'),
	(16,1,1,'Retno','retno','123456','C','A','retno','2015-02-07 16:58:10','retno','2015-02-07 16:58:10'),
	(17,1,3,'Bram','bram','123456','C','A','retno','2015-02-07 16:58:30','retno','2015-02-07 16:58:30'),
	(18,4,2,'admin','admin','1','A','A','admin','2015-02-24 17:31:39','admin','2015-02-24 17:37:24'),
	(19,4,1,'kasir1','kasir1','1','C','A','admin','2015-02-24 17:31:43','admin','2015-02-24 18:05:32'),
	(20,4,3,'Vega Oktavialita','vegha','123','C','A','admin','2015-02-26 15:09:45','admin','2015-02-26 15:11:27'),
	(21,4,4,'friska','friska','123','C','A','admin','2015-03-06 05:59:12','admin','2015-03-06 05:59:12'),
	(22,2,1,'Kartika','kartika','123456','A','A','root','2015-03-08 06:21:40','kartika','2015-03-19 17:08:38'),
	(23,2,2,'Lala','lala','123456','C','A','sekarayu','2015-03-08 06:33:19','kartika','2015-03-19 17:13:19'),
	(24,2,3,'Ika','ika','123456','C','A','kartika','2015-03-18 06:12:30','kartika','2015-03-20 00:38:49');

/*!40000 ALTER TABLE `user` ENABLE KEYS */;
UNLOCK TABLES;



/*!40111 SET SQL_NOTES=@OLD_SQL_NOTES */;
/*!40101 SET SQL_MODE=@OLD_SQL_MODE */;
/*!40014 SET FOREIGN_KEY_CHECKS=@OLD_FOREIGN_KEY_CHECKS */;
/*!40101 SET CHARACTER_SET_CLIENT=@OLD_CHARACTER_SET_CLIENT */;
/*!40101 SET CHARACTER_SET_RESULTS=@OLD_CHARACTER_SET_RESULTS */;
/*!40101 SET COLLATION_CONNECTION=@OLD_COLLATION_CONNECTION */;
